Items,Sane Price,DMPG Price,MBJV Price,DMG Price,XGE Price,Rarity,Source,Page,Type,Attunement,,,
Abracadabrus,,"2,500",,5001-50000,20000-50000,Very Rare,ID,,Wondrous Items,No,,,
Absorbing Tattoo,,"8,000",,5001-50000,20000-50000,Very Rare,TCE,,Wondrous Items,Yes,,,
Acheron Blade,,900,,501-5000,2000-20000,Rare,EGW,265,Weapons,Yes,,,
Adamantine Armor,500,+500,"900 (Half Plate), 2100 (Plate)",101-500,100-600,Uncommon,DMG,150,Armor,No,,,
"Akmon, Hammer of Purphoros",,,,Priceless,Priceless,Artifact,MOoT,,Weapons,Yes,,,
Alchemical Compendium,,"3,000",,501-5000,2000-20000,Rare,TCE,,Wondrous Items,Yes,,,
Alchemy Jug,"6,000",100,200,101-500,100-600,Uncommon,DMG,150,Wondrous Items,No,,,
"All-Purpose Tool, +1",,"1,500",,101-500,100-600,Uncommon,TCE,119,Wondrous Items,Yes,,,
"All-Purpose Tool, +2",,"4,500",,501-5000,2000-20000,Rare,TCE,119,Wondrous Items,Yes,,,
"All-Purpose Tool, +3",,"16,000",,5001-50000,20000-50000,Very Rare,TCE,119,Wondrous Items,Yes,,,
Amethyst Lodestone,,"20,000",,5001-50000,20000-50000,Very Rare,FTD,,Wondrous Items,Yes,,,
Ammunition +1 (Ea),25,50,"10 (Arrows,bolts), 5 (sling bullets)",101-500,100-600,Uncommon,DMG,150,Ammunition,No,,,
Ammunition +2 (Ea),100,250,,501-5000,2000-20000,Rare,DMG,150,Ammunition,No,,,
Ammunition +3 (Ea),400,"2,500",,5001-50000,20000-50000,Very Rare,DMG,150,Ammunition,No,,,
"Ammunition, Adamantine (10 pieces)",,500,,101-500,100-600,Uncommon,XGE,,Ammunition,No,,,
Amulet Of Health,"8,000","4,000",4000,501-5000,2000-20000,Rare,DMG,150,Wondrous Items: Neck,Yes,,,
Amulet Of Proof Against Detection And Location,"20,000",400,,101-500,100-600,Uncommon,DMG,150,Wondrous Items: Neck,Yes,,,
Amulet Of Protection From Turning,,"3,600",,501-5000,2000-20000,Rare,TYP,228,Wondrous Items: Neck,Yes,,,
Amulet Of The Black Skull,,"6,400",,5001-50000,20000-50000,Very Rare,TA,206,Wondrous Items: Neck,Yes,,,
"Amulet of the Devout, +1",,425,,101-500,100-600,Uncommon,TCE,,Wondrous Items,Yes,,,
"Amulet of the Devout, +2",,"4,250",,501-5000,2000-20000,Rare,TCE,,Wondrous Items,Yes,,,
"Amulet of the Devout, +3",,"14,500",,5001-50000,20000-50000,Very Rare,TCE,,Wondrous Items,Yes,,,
Amulet of the Drunkard,,500,,101-500,100-600,Uncommon,EGW,265,Wondrous Item,No,,,
Amulet Of The Planes,"160,000","43,000","35,000",5001-50000,20000-50000,Very Rare,DMG,150,Wondrous Items: Neck,Yes,,,
Animated Shield,"6,000","6,000",,5001-50000,20000-50000,Very Rare,DMG,151,Shields,Yes,,,
Apparatus Of Kwalish,"10,000","90,000",,50001+,50000-300000,Legendary,DMG,151,Wondrous Items,No,,,
Apparatus Of The Crab,"10,000","90,000",,50001+,50000-300000,Legendary,BR,,Wondrous Items,No,,,
Arcane Cannon,,"6,500",,5001-50000,20000-50000,Very Rare,EGW,265,Wondrous Item,No,,,
"Arcane Grimoire, +1",,425,,101-500,100-600,Uncommon,TCE,,Wondrous Items,Yes,,,
"Arcane Grimoire, +2",,"4,250",,501-5000,2000-20000,Rare,TCE,,Wondrous Items,Yes,,,
"Arcane Grimoire, +3",,"14,500",,5001-50000,20000-50000,Very Rare,TCE,,Wondrous Items,Yes,,,
Arcane Propulsion Arm,,"5,100",,5001-50000,20000-50000,Very Rare,EBR,,Wondrous Items,Yes,,,
Arcanomechanical Armor,,,,501-5000,2000-20000,Rare,UA,,Armor,Yes,,,
Armblade,,100,,50-100,20-70,Common,WGE,,Weapons,Yes,,,
Armblade,,100,,50-100,20-70,Common,EBR,,Weapons,Yes,,,
Armor Of Gleaming (any medium or heavy),,+75,,50-100,20-70,Common,XGE,136,Armor,No,,,
Armor Of Invulnerability,"18,000","70,000",,50001+,50000-300000,Legendary,DMG,152,Armor,Yes,,,
Armor Of Resistance,"6,000","3,000","12,000 (Scale, Cold)",501-5000,2000-20000,Rare,DMG,152,Armor,Yes,,,
Armor Of Vulnerability,,"1,500",,501-5000,2000-20000,Rare,BR,,Armor,Yes,,,
"Armor, +1","1,500","3,000","7,500 (Breastplate)",501-5000,2000-20000,Rare,DMG,152,Armor,No,,,
"Armor, +2","6,000","20,000","25,000 (Studded Leather)/40,100 (Splint)",5001-50000,20000-50000,Very Rare,DMG,152,Armor,No,,,
"Armor, +3","24,000","51,000",,50001+,50000-300000,Legendary,DMG,152,Armor,No,,,
Arrow Of Slaying (Ea),600,"1,000",,5001-50000,20000-50000,Very Rare,DMG,152,Ammunition,No,,,
Arrow-Catching Shield,"6,000","4,500","13,000",501-5000,2000-20000,Rare,DMG,152,Shields,Yes,,,
Artificer Wand +1,,,,Varies,Varies,Varies,UA,,Wands,Yes,,,
Artificer Wand +2,,,,Varies,Varies,Varies,UA,,Wands,Yes,,,
Astral Shard,,"4,200",,501-5000,2000-20000,Rare,TCE,,Wondrous Items,Yes,,,
Astronomy Archive,,"3,300",,501-5000,2000-20000,Rare,TCE,,Wondrous Items,Yes,,,
Atlas of Endless Horizons,,"3,750",,501-5000,2000-20000,Rare,TCE,,Wondrous Items,Yes,,,
Axe Of The Dwarvish Lords,,,,Priceless,Priceless,Artifact,DMG,,Weapons,Yes,,,
Azuredge (battleaxe),,"53,000",,50001+,50000-300000,Legendary,WDH,189,Weapons,Yes,,,
Baba Yaga's Mortar and Pestle,,,,Priceless,Priceless,Artifact,TCE,,Wondrous Items,Yes,,,
Badge Of The Watch,,"3,250",,501-5000,2000-20000,Rare,WDH,189,Wondrous Items,Yes,,,
Bag Of Beans,,"4,200",,501-5000,2000-20000,Rare,DMG,152,Wondrous Items,No,,,
Bag Of Bounty,,,,101-500,100-600,Uncommon,WGE,,Wondrous Items,No,,,
Bag Of Bounty,,,,101-500,100-600,Uncommon,EBR,,Wondrous Items,No,,,
Bag Of Devouring,,"12,000",,5001-50000,20000-50000,Very Rare,DMG,153,Wondrous Items,No,,,
Bag Of Holding,"4,000",500,500,101-500,100-600,Uncommon,DMG,153,Wondrous Items,No,,,
Bag Of Tricks,,350,,101-500,100-600,Uncommon,DMG,154,Wondrous Items,No,,,
Balance Of Harmony,,200,,101-500,100-600,Uncommon,TYP,228,Wondrous Items,No,,,
Balloon Pack,,275,,101-500,100-600,Uncommon,PA,222,Wondrous Items,No,,,
Band Of Loyalty,,,,101-500,100-600,Uncommon,WGE,,Rings,Yes,,,
Band Of Loyalty,,,,50-100,20-70,Common,EBR,,Ring,Yes,,,
Banner Of The Krig Rune,,"4,400",,501-5000,2000-20000,Rare,SKT,233,Wondrous Items,Yes,,,
Barrier Tattoo (Rare),,"1,500",,501-5000,2000-20000,Rare,TCE,,Wondrous Items,Yes,,,
Barrier Tattoo (Uncommon),,200,,101-500,100-600,Uncommon,TCE,,Wondrous Items,Yes,,,
Barrier Tattoo (Very Rare),,"6,000",,5001-50000,20000-50000,Very Rare,TCE,,Wondrous Items,Yes,,,
Battering Shield,,850,,501-5000,2000-20000,Rare,EGW,266,Armor,Yes,,,
Battle Standard Of Infernal Power,,"6,000",,5001-50000,20000-50000,Very Rare,BGA,,Wondrous Items,Yes,,,
Bead Of Force,960,"3,000","5,000",501-5000,2000-20000,Rare,DMG,154,Wondrous Items,No,,,
Bead Of Nourishment,,25,,50-100,20-70,Common,XGE,136,Wondrous Items,No,,,
Bead Of Refreshment,,25,,50-100,20-70,Common,XGE,136,Wondrous Items,No,,,
Belashyrra's Beholder Crown,,"51,000",,50001+,50000-300000,Legendary,EBR,,Wondrous Items,Yes,,,
Bell Branch,,750,,501-5000,2000-20000,Rare,TCE,,Wondrous Items,Yes,,,
Belt Of Dwarvenkind,"6,000","5,000",,501-5000,2000-20000,Rare,DMG,155,Wondrous Items: Waist,Yes,,,
Belt Of Giant Strength (Cloud),,"66,000",,50001+,50000-300000,Legendary,DMG,155,Wondrous Items: Waist,Yes,,,
Belt Of Giant Strength (Fire),,"36,000",,5001-50000,20000-50000,Very Rare,DMG,155,Wondrous Items: Waist,Yes,,,
Belt Of Giant Strength (Hill),,"4,000","9,000",501-5000,2000-20000,Rare,DMG,155,Wondrous Items: Waist,Yes,,,
Belt Of Giant Strength (Stone/Frost),,"12,000",,5001-50000,20000-50000,Very Rare,DMG,155,Wondrous Items: Waist,Yes,,,
Belt Of Giant Strength (Storm),,"100,000",,50001+,50000-300000,Legendary,DMG,155,Wondrous Items: Waist,Yes,,,
Berserker Axe,,"2,000",,501-5000,2000-20000,Rare,BR,,Weapons,Yes,,,
Black Crystal Tablet,,"90,000",,50001+,50000-300000,Legendary,DMM,,Wondrous Items,Yes,,,
Black Dragon Mask,,"95,000",,50001+,50000-300000,Legendary,HDQ,94,Wondrous Items: Eyes,Yes,,,
Blackrazor,,,,50001+,50000-300000,Legendary,DMG,,Weapons,Yes,,,
Blackstaff,,"72,000",,50001+,50000-300000,Legendary,WDH,190,Staffs,Yes,,,
Blade Of Avernus,,,,Priceless,Priceless,Artifact,BGA,,Weapons,Yes,,,
Blade of Broken Mirrors,,,,Priceless,Priceless,Artifact,EGW,266,Weapons,Yes,,,
Blade Of The Medusa,,"5,500",,5001-50000,20000-50000,Very Rare,LLK,,Weapons,Yes,,,
Blast Scepter,,9500,,5001-50000,20000-50000,Very Rare,DMM,310,Rods,Yes,,,
Blod Stone,,"6,500",,501-5000,2000-20000,Rare,SKT,233,Wondrous Items,Yes,,,
Blood Fury Tattoo,,"32,000",,50001+,50000-300000,Legendary,TCE,,Wondrous Items,Yes,,,
Blood of the Lycanthrope Antidote,,500,,101-500,100-600,Uncommon,IMR,,Potions & Oils,No,,,
Blood Spear,,375,,101-500,100-600,Uncommon,CS,221,Weapons,Yes,,,
Bloodaxe,,"27,000",,5001-50000,20000-50000,Very Rare,EGW,266,Weapons,Yes,,,
"Bloodwell Vial, +1",,425,,101-500,100-600,Uncommon,TCE,,Wondrous Items,Yes,,,
"Bloodwell Vial, +2",,"4,250",,501-5000,2000-20000,Rare,TCE,,Wondrous Items,Yes,,,
"Bloodwell Vial, +3",,"14,500",,5001-50000,20000-50000,Very Rare,TCE,,Wondrous Items,Yes,,,
Blue Dragon Mask,,,,50001+,50000-300000,Legendary,RT,,Wondrous Items,Yes,,,
Bobbing Lilly Pad,,"4,000",,5001-50000,20000-50000,Very Rare,TWBTW,,Wondrous Items,Yes,,,
Bonecounter,,,,501-5000,2000-20000,Rare,SDW,,Weapons,No,,,
Book Of Exalted Deeds,,,,Priceless,Priceless,Artifact,DMG,,Wondrous Items,Yes,,,
Book Of Vile Darkness,,,,Priceless,Priceless,Artifact,DMG,,Wondrous Items,Yes,,,
Bookmark (dagger),,"30,000",,50001+,50000-300000,Legendary,TA,206,Weapons,Yes,,,
Boomerang +1,,,,101-500,100-600,Uncommon,BR,,Weapons,No,,,
Boomerang +2,,,,101-500,100-600,Uncommon,BR,,Weapons,No,,,
Boomerang +3,,,,501-5000,2000-20000,Rare,BR,,Weapons,No,,,
Boots Of Elvenkind,"2,500",400,600,101-500,100-600,Uncommon,DMG,155,Wondrous Items: Feet,No,,,
Boots Of False Tracks,,60,,50-100,20-70,Common,XGE,136,Wondrous Items: Feet,No,,,
Boots Of Levitation,"4,000","4,500","15,000",501-5000,2000-20000,Rare,DMG,155,Wondrous Items: Feet,Yes,,,
Boots Of Speed,"4,000","3,000",,501-5000,2000-20000,Rare,DMG,155,Wondrous Items: Feet,Yes,,,
Boots Of Striding And Springing,"5,000",200,600,101-500,100-600,Uncommon,DMG,156,Wondrous Items: Feet,Yes,,,
Boots Of The Winding Path,,,,Varies,Varies,Varies,UA,,Wondrous Items: Feet,Yes,,,
Boots Of The Winterlands,"10,000",300,,101-500,100-600,Uncommon,DMG,156,Wondrous Items: Feet,Yes,,,
Bottle of Boundless Coffee,,50,,50-100,20-70,Common,STRX,,Wondrous Items,No,,,
Bottled Breath,,350,,101-500,100-600,Uncommon,PA,222,Potions & Oils,No,,,
Bowl Of Commanding Water Elementals,"8,000","4,700",,501-5000,2000-20000,Rare,DMG,156,Wondrous Items,No,,,
Bracelet Of Rock Magic,,"9,000",,5001-50000,20000-50000,Very Rare,TYP,228,Wondrous Items: Arms & Wrists,Yes,,,
Bracer Of Flying Daggers,,"1,000",,501-5000,2000-20000,Rare,WDH,190,Wondrous Items: Arms & Wrists,Yes,,,
Bracers Of Archery,"1,500",350,,101-500,100-600,Uncommon,DMG,156,Wondrous Items: Arms & Wrists,Yes,,,
Bracers Of Defense,"6,000","4,000","13,000",501-5000,2000-20000,Rare,DMG,156,Wondrous Items: Arms & Wrists,Yes,,,
Brazier Of Commanding Fire Elementals,"8,000","4,700",,501-5000,2000-20000,Rare,DMG,156,Wondrous Items,No,,,
Breathing Bubble,,50,,50-100,20-70,Common,EGW,266,Wondrous Item,No,,,
Bridle of Capturing,,"4,500",,501-5000,2000-20000,Rare,IMR,94,Woundrous Items,No,,,
Brooch of Living Essence,,250,,101-500,100-600,Uncommon,EGW,266,Wondrous Item,Yes,,,
Brooch Of Shielding,"7,500",375,,101-500,100-600,Uncommon,DMG,156,Wondrous Items: Neck,Yes,,,
Broom Of Flying,"8,000","7,500",600,101-500,100-600,Uncommon,DMG,156,Wondrous Items,No,,,
Butchers Bib,,"2,750",,501-5000,2000-20000,Rare,EGW,266,Wondrous Item,Yes,,,
Candle Of Invocation,,"8,400",,5001-50000,20000-50000,Very Rare,DMG,157,Wondrous Items,Yes,,,
Candle Of The Deep,,50,,50-100,20-70,Common,XGE,136,Wondrous Items,No,,,
Cap Of Water Breathing,"1,000",450,,101-500,100-600,Uncommon,DMG,157,Wondrous Items: Head,No,,,
Cape Of The Mountebank,"8,000","3,900",,501-5000,2000-20000,Rare,DMG,157,Wondrous Items: Shoulders,No,,,
Carpet Of Flying,"12,000","44,000",,5001-50000,20000-50000,Very Rare,DMG,157,Wondrous Items,No,,,
Cartographers Map Case,,,,50-100,20-70,Common,AI,,Wondrout Items,No,,,
Cast Off Armor,,+50,,50-100,20-70,Common,XGE,136,Armor,No,,,
Cauldron of Plenty,,"3,500",,501-5000,2000-20000,Rare,ID,,Wondrous Items,No,,,
Cauldron of Rebirth,,"10,000",,5001-50000,20000-50000,Very Rare,TCE,,Wondrous Items,Yes,,,
Censer Of Controlling Air Elementals,"8,000","4,700",,501-5000,2000-20000,Rare,DMG,158,Wondrous Items,No,,,
Charlatan's Die,,80,,50-100,20-70,Common,XGE,136,Wondrous Items,Yes,,,
Charm Of Plant Command,,"1,500",,501-5000,2000-20000,Rare,GoS,,Wondrous Items,Yes,,,
Chest Of Preserving,,100,,50-100,20-70,Common,DMM,,Wondrous Items,No,,,
Chime Of Opening,"1,500","3,000","12,000",501-5000,2000-20000,Rare,DMG,158,Wondrous Items,No,,,
Chromatic Rose,,500,,501-5000,2000-20000,Rare,TWBTW,,Wondrous Items,No,,,
Chronolometer,,"12,500",,5001-50000,20000-50000,Very Rare,AI,,Wondrous Items,Yes,,,
Circlet Of Blasting,"1,500",350,,101-500,100-600,Uncommon,DMG,158,Wondrous Items: Head,No,,,
Circlet Of Human Perfection,,200,,101-500,100-600,Uncommon,DMM,,Wondrous Items,Yes,,,
Claw Of The Wyrm Rune,,"4,400",,501-5000,2000-20000,Rare,SKT,233,Wondrous Items,Yes,,,
Claws Of The Umber Hulk,,"4,300",,501-5000,2000-20000,Rare,PA,222,Wondrous Items: Hands,Yes,,,
Cleansing Stone,,50,,50-100,20-70,Common,WGE,,Wondrous Items,No,,,
Cleansing Stone,,50,,50-100,20-70,Common,EBR,,Wondrous Items,No,,,
Cloak Of Arachnida,"5,000","14,000",,5001-50000,20000-50000,Very Rare,DMG,158,Wondrous Items: Shoulders,Yes,,,
Cloak Of Billowing,,100,,50-100,20-70,Common,XGE,136,Wondrous Items: Shoulders,No,,,
Cloak Of Displacement,"60,000","3,600",,501-5000,2000-20000,Rare,DMG,158,Wondrous Items: Shoulders,Yes,,,
Cloak Of Elvenkind,"5,000",250,"1,000/600",101-500,100-600,Uncommon,DMG,158,Wondrous Items: Shoulders,Yes,,,
Cloak Of Invisibility,"80,000","54,000","150,000",50001+,50000-300000,Legendary,DMG,158,Wondrous Items: Shoulders,Yes,,,
Cloak Of Many Fashions,,90,,50-100,20-70,Common,XGE,136,Wondrous Items: Shoulders,No,,,
Cloak Of Protection,"3,500",400,800,101-500,100-600,Uncommon,DMG,159,Wondrous Items: Shoulders,Yes,,,
Cloak Of The Bat,"6,000","4,600","11,000",501-5000,2000-20000,Rare,DMG,159,Wondrous Items: Shoulders,Yes,,,
Cloak Of The Manta Ray,"6,000",350,,101-500,100-600,Uncommon,DMG,159,Wondrous Items: Shoulders,No,,,
Clockwork Amulet,,100,,50-100,20-70,Common,XGE,137,Wondrous Items: Neck,No,,,
Clothes Of Mending,,50,,50-100,20-70,Common,XGE,137,Wondrous Items: Body,No,,,
Codicil of White,,500,,101-500,100-600,Uncommon,ID,317,Wondrous Items,No,,,
Coiling Grasp Tattoo,,500,,101-500,100-600,Uncommon,TCE,,Wondrous Items,Yes,,,
Coin Of Decisionry,,,,Varies,Varies,Varies,AI,,Wondrous Items,No,,,
Coin of Delving,,50,,50-100,20-70,Common,EGW,266,Wondrous Item,No,,,
Conch Of Teleportation,,"1,850",,5001-50000,20000-50000,Very Rare,SKT,234,Wondrous Items,Yes,,,
Corpse Slayer,,"1,300",,501-5000,2000-20000,Rare,EGW,266,Weapons,Yes,,,
Crook of Rao,,,,Priceless,Priceless,Artifact,TCE,,Wondrous Items,Yes,,,
Crystal Ball,"50,000","42,000","32,500",5001-50000,20000-50000,Very Rare,DMG,159,Wondrous Items,Yes,,,
Crystal Ball Of Mind Reading,,"51,000",,50001+,50000-300000,Legendary,DMG,159,Wondrous Items,Yes,,,
Crystal Ball Of Telepathy,,"70,000",,50001+,50000-300000,Legendary,DMG,159,Wondrous Items,Yes,,,
Crystal Ball Of True Seeing,,"80,000",,50001+,50000-300000,Legendary,DMG,159,Wondrous Items,Yes,,,
Crystal Blade,,"6,000",,501-5000,2000-20000,Rare,FTD,,Weapons,Yes,,,
Crystalline Chronicle,,"6,500",,5001-50000,20000-50000,Very Rare,TCE,,Wondrous Items,Yes,,,
Cube Of Force,"16,000","5,000",,501-5000,2000-20000,Rare,DMG,159,Wondrous Items,Yes,,,
Cubic Gate,"40,000","164,000",,50001+,50000-300000,Legendary,DMG,160,Wondrous Items,No,,,
Cuddly Strixhaven Mascot,,100,,50-100,20-70,Common,STRX,,Wondrous Items,No,,,
Cursed Luckstone,,250,,101-500,100-600,Uncommon,GoS,,Wondrous Items,Yes,,,
Daern's Instant Fortress,"75,000","5,000",,501-5000,2000-20000,Rare,DMG,160,Wondrous Items,No,,,
Dagger Of Blindsight,,"1,000",,501-5000,2000-20000,Rare,DMM,,Weapons,Yes,,,
Dagger Of Venom,"2,500","1,500",,501-5000,2000-20000,Rare,DMG,160,Weapons,No,,,
Dancing Sword (any sword),"2,000","10,000",,5001-50000,20000-50000,Very Rare,DMG,160,Weapons,Yes,,,
Danoth's Visor,,,,50001+,50000-300000,Legendary,EGW,270,Wondrous Item,Yes,,,
Dark Shard Amulet,,75,,50-100,20-70,Common,XGE,137,Wondrous Items: Neck,Yes,,,
Dawnbringer (longsword),,"57,000",,50001+,50000-300000,Legendary,OA,222,Weapons,Yes,,,
Decanter Of Endless Water,"135,000",300,,101-500,100-600,Uncommon,DMG,160,Wondrous Items,No,,,
Deck Of Illusions,"6,120",450,400,101-500,100-600,Uncommon,DMG,161,Wondrous Items,No,,,
Deck Of Many Things,,"250,000",,50001+,50000-300000,Legendary,DMG,162,Wondrous Items,No,,,
Deck Of Several Things,,"51,000",,50001+,50000-300000,Legendary,LLK,,Wondrous Items,No,,,
Defender (any sword),"24,000","55,000",,50001+,50000-300000,Legendary,DMG,164,Weapons,Yes,,,
"Dekella, Bident of Thassa",,,,Priceless,Priceless,Artifact,MOoT,,Weapons,Yes,,,
Demon Armor (plate) (cursed),,"7,500",,5001-50000,20000-50000,Very Rare,DMG,165,Armor,Yes,,,
Demonomicon of Iggwilv,,,,Priceless,Priceless,Artifact,TCE,,Wondrous Items,Yes,,,
Devastation Orb (Air),,"8,000",,5001-50000,20000-50000,Very Rare,PA,222,Wondrous Items,No,,,
Devastation Orb (Earth),,"11,000",,5001-50000,20000-50000,Very Rare,PA,222,Wondrous Items,No,,,
Devastation Orb (Fire),,"9,500",,5001-50000,20000-50000,Very Rare,PA,222,Wondrous Items,No,,,
Devastation Orb (Water),,"9,500",,5001-50000,20000-50000,Very Rare,PA,223,Wondrous Items,No,,,
Devotee's Censer (flail),,"4,500",,501-5000,2000-20000,Rare,TCE,,Weapons,Yes,,,
Dimensional Loop,,"6,000",,5001-50000,20000-50000,Very Rare,AI,,Wondrous Items,Yes,,,
Dimensional Seal,,,,50001+,50000-300000,Legendary,WGE,,Wondrous Items,No,,,
Dimensional Seal,,,,50001+,50000-300000,Legendary,EBR,,Wondrous Items,No,,,
Dimensional Shackles,"3,000","2,800",3100,501-5000,2000-20000,Rare,DMG,165,Wondrous Items,No,,,
Dispelling Stone,,"7,000",,5001-50000,20000-50000,Very Rare,EGW,266,Wondrous Item,No,,,
Docent,,"4,500",,501-5000,2000-20000,Rare,WGE,,Wondrous Items,Yes,,,
Docent,,"4,500",,501-5000,2000-20000,Rare,EBR,,Wondrous Items,Yes,,,
Documancy Satchel,,,,Varies,Varies,Varies,AI,,Wondrous Items,No,,,
Dodecahedron Of Doom,,750,,501-5000,2000-20000,Rare,DMM,,Wondrous Items,No,,,
Draakhorn,,,,Priceless,Priceless,Artifact,RT,,Wondrous Items,No,,,
Dragon Scale Mail,"4,000","15,000",,5001-50000,20000-50000,Very Rare,DMG,165,Armor,Yes,,,
Dragon Slayer (any sword),"8,000","4,800",,501-5000,2000-20000,Rare,DMG,166,Weapons,No,,,
Dragon Vessel (Ascendant),,"150,000",,50001+,50000-300000,Legendary,FTD,27,Woundrous Items,Yes,,,
Dragon Vessel (Slumbering),,500,,101-500,100-600,Uncommon,FTD,27,Woundrous Items,Yes,,,
Dragon Vessel (Stirring),,"3,000",,501-5000,2000-20000,Rare,FTD,27,Woundrous Items,Yes,,,
Dragon Vessel (Wakened),,"25,000",,5001-50000,20000-50000,Very Rare,FTD,27,Woundrous Items,Yes,,,
Dragon Wing Bow,,"4,000",,501-5000,2000-20000,Rare,FTD,,Weapons,Yes,,,
Dragon-Touched Focus (Ascendant),,"30,000",,50001+,50000-300000,Legendary,FTD,26,Woundrous Items,Yes,,,
Dragon-Touched Focus (Slumbering),,400,,101-500,100-600,Uncommon,FTD,26,Woundrous Items,Yes,,,
Dragon-Touched Focus (Stirring),,"2,000",,501-5000,2000-20000,Rare,FTD,26,Woundrous Items,Yes,,,
Dragon-Touched Focus (Wakened),,"10,000",,5001-50000,20000-50000,Very Rare,FTD,26,Woundrous Items,Yes,,,
Dragon's Wrath weapon (Ascendant) (any),,"65,000",,50001+,50000-300000,Legendary,FTD,,Weapons,Yes,,,
Dragon's Wrath weapon (Slumbering) (any),,250,,101-500,100-600,Uncommon,FTD,,Weapons,Yes,,,
Dragon's Wrath weapon (Stirring) (any),,"3,000",,501-5000,2000-20000,Rare,FTD,,Weapons,Yes,,,
Dragon's Wrath weapon (Wakened) (any),,"11,000",,5001-50000,20000-50000,Very Rare,FTD,,Weapons,Yes,,,
Dragonguard (breastplate),,"4,000",,501-5000,2000-20000,Rare,LMP,,Armor,No,,,
Dragonhide Belt (Rare),,"4,000",,501-5000,2000-20000,Rare,FTD,,Wondrous Items,Yes,,,
Dragonhide Belt (Uncommon),,400,,101-500,100-600,Uncommon,FTD,,Wondrous Items,Yes,,,
Dragonhide Belt (Very Rare),,"14,000",,5001-50000,20000-50000,Very Rare,FTD,,Wondrous Items,Yes,,,
Dragonlance,,"25,000",,50001+,50000-300000,Legendary,FTD,,Weapons,Yes,,,
Dragonstaff Of Ahghairon,,"50,500",,50001+,50000-300000,Legendary,WDH,191,Staffs,Yes,,,
Dragontooth Dagger,,"5,000",,501-5000,2000-20000,Rare,RT,93,Weapons,No,,,
Dread Helm,,55,,50-100,20-70,Common,XGE,137,Wondrous Items: Head,No,,,
Driftglobe,750,100,600/700,101-500,100-600,Uncommon,DMG,166,Wondrous Items,No,,,
Drown (trident),,"66,000",,50001+,50000-300000,Legendary,PA,224,Weapons,Yes,,,
Duplicitous Manuscript,,"3,000",,501-5000,2000-20000,Rare,TCE,,Wondrous Items,Yes,,,
Duskcrusher,,"8,500",,5001-50000,20000-50000,Very Rare,EGW,266,Weapons,Yes,,,
Dust of Corrosion,,150,,101-500,100-600,Uncommon,TWBTW,,Wondrous Items,No,,,
Dust of Deliciousness,,150,,101-500,100-600,Uncommon,EGW,267,Wondrous Item,No,,,
Dust Of Disappearance,300,200,100,101-500,100-600,Uncommon,DMG,166,Wondrous Items,No,,,
Dust Of Dryness (1 pellet),120,350,,101-500,100-600,Uncommon,DMG,166,Wondrous Items,No,,,
Dust Of Sneezing And Choking,480,150,,101-500,100-600,Uncommon,DMG,166,Wondrous Items,No,,,
Dwarven Plate,"9,000","25,000",,5001-50000,20000-50000,Very Rare,DMG,167,Armor,No,,,
Dwarven Thrower (warhammer),"18,000","25,000",,5001-50000,20000-50000,Very Rare,DMG,167,Weapons,Yes,,,
Dyrrn's Tentacle Whip,,"17,000",,5001-50000,20000-50000,Very Rare,EBR,,Weapons,Yes,,,
Eagle Whistle,,600,,501-5000,2000-20000,Rare,TYP,228,Wondrous Items,No,,,
Ear Horn Of Hearing,,75,,50-100,20-70,Common,XGE,137,Wondrous Items,No,,,
Earring of Message,,,,50-100,20-70,Common,CotN,212,Wondrous Items,No,,,
Earworm,,225,,101-500,100-600,Uncommon,EBR,,Wondrous Items,Yes,,,
Efficient Quiver,,,,101-500,100-600,Uncommon,BR,,Wondrous Items,No,,,
Efreeti Bottle,,"45,000","45,000",5001-50000,20000-50000,Very Rare,DMG,167,Wondrous Items,No,,,
Efreeti Chain (chain mail),"20,000","80,000",,50001+,50000-300000,Legendary,DMG,167,Armor,Yes,,,
Elder Cartographers Glossography,,,,101-500,100-600,Uncommon,AI,,Wondrous Items,No,,,
Eldritch Claw Tattoo,,500,,101-500,100-600,Uncommon,TCE,,Wondrous Items,Yes,,,
Eldritch Staff,,"2,000",,5001-50000,20000-50000,Very Rare,TWBTW,,Staffs,Yes,,,
Elemental Essence Shard,,"3,500",,501-5000,2000-20000,Rare,TCE,,Wondrous Items,Yes,,,
Elemental Gem,960,250,,101-500,100-600,Uncommon,DMG,167,Wondrous Items,No,,,
Elixir Of Health,120,"2,000",100/125,501-5000,2000-20000,Rare,DMG,168,Potions & Oils,No,,,
Elven Chain,"4,000","4,500","11,000/12000",501-5000,2000-20000,Rare,DMG,168,Armor,No,,,
Emerald Pen,,250,,101-500,100-600,Uncommon,FTD,,Wondrous Items,No,,,
Enduring Spellbook,,100,,50-100,20-70,Common,XGE,137,Wondrous Items,No,,,
"Ephixis, Bow of Nylea",,,,Priceless,Priceless,Artifact,MOoT,,Weapons,Yes,,,
Ersatz Eye,,75,,50-100,20-70,Common,XGE,137,Wondrous Items: Eyes,Yes,,,
Everbright Lantern,,100,,50-100,20-70,Common,WGE,,Wondrous Items,No,,,
Everbright Lantern,,100,,50-100,20-70,Common,EBR,,Wondrous Items,No,,,
Eversmoking Bottle,"1,000",270,,101-500,100-600,Uncommon,DMG,168,Wondrous Items,No,,,
Eye And Hand Of Vecna,,,,Priceless,Priceless,Artifact,DMG,,Wondrous Items,Yes,,,
Eye Of Vecna,,,,Priceless,Priceless,Artifact,DMG,,Wondrous Items,Yes,,,
Eyes Of Charming,"3,000",300,,101-500,100-600,Uncommon,DMG,168,Wondrous Items: Eyes,Yes,,,
Eyes Of Minute Seeing,"2,500",150,,101-500,100-600,Uncommon,DMG,168,Wondrous Items: Eyes,No,,,
Eyes Of The Eagle,"2,500",400,,101-500,100-600,Uncommon,DMG,168,Wondrous Items: Eyes,Yes,,,
Failed Experiment Wand,,,,501-5000,2000-20000,Rare,AI,,Wands,Yes,,,
Fane-Eater (battleaxe),,"55,000",,50001+,50000-300000,Legendary,BGA,,Weapons,Yes,,,
Far Gear,,"7,500",,5001-50000,20000-50000,Very Rare,AI,,Wondrous Items,Yes,,,
Far Realm Shard,,"2,500",,501-5000,2000-20000,Rare,TCE,,Wondrous Items,Yes,,,
Feather Of Diatryma Summoning,,600,,501-5000,2000-20000,Rare,WDH,191,Wondrous Items,Yes,,,
Feather Token,,25,,501-5000,2000-20000,Rare,BR,,Wondrous Items,No,,,
Feather Token (Feather Fall),,25,,50-100,20-70,Common,WGE,,Wondrous Items,No,,,
Feather Token Feather Fall,,25,,50-100,20-70,Common,EBR,,Wondrous Items,No,,,
Fernian Ash Focus,,,,50-100,20-70,Common,WGE,,Wondrous Items,Yes,,,
Fernian Ash Focus,,,,50-100,20-70,Common,EBR,,Wondrous Items,Yes,,,
Feywild Shard,,250,,101-500,100-600,Uncommon,TCE,,Wondrous Items,Yes,,,
Figurine of Wondrous Power (Bronze Griffon),"8,000","3,600",,501-5000,2000-20000,Rare,DMG,169,Wondrous Items,No,,,
Figurine of Wondrous Power (Ebony Fly),"6,000","3,600",,501-5000,2000-20000,Rare,DMG,169,Wondrous Items,No,,,
Figurine of Wondrous Power (Golden Canary),,"55,000",,50001+,50000-300000,Legendary,FTD,,Wondrous Items,No,,,
Figurine of Wondrous Power (Golden Lions),600,"5,000",,501-5000,2000-20000,Rare,DMG,169,Wondrous Items,No,,,
Figurine of Wondrous Power (Ivory Goats - Terror),"20,000","5,000",,501-5000,2000-20000,Rare,DMG,169,Wondrous Items,No,,,
Figurine of Wondrous Power (Ivory Goats - Travail),400,"5,000",,501-5000,2000-20000,Rare,DMG,169,Wondrous Items,No,,,
Figurine of Wondrous Power (Ivory Goats - Travelling),"1,000","5,000",,501-5000,2000-20000,Rare,DMG,169,Wondrous Items,No,,,
Figurine of Wondrous Power (Marble Elephant),"6,000","5,000",,501-5000,2000-20000,Rare,DMG,170,Wondrous Items,No,,,
Figurine of Wondrous Power (Obsidian Steed),"128,000","28,500",,5001-50000,20000-50000,Very Rare,DMG,170,Wondrous Items,No,,,
Figurine of Wondrous Power (Onyx Dog),"3,000","3,200","14,000",501-5000,2000-20000,Rare,DMG,170,Wondrous Items,No,,,
Figurine of Wondrous Power (Serpentine Owl),"8,000","3,000",,501-5000,2000-20000,Rare,DMG,170,Wondrous Items,No,,,
Figurine of Wondrous Power (Silver Raven),"5,000",380,,101-500,100-600,Uncommon,DMG,170,Wondrous Items,No,,,
Finder's Goggles,,500,,101-500,100-600,Uncommon,EBR,,Wondrous Items,Yes,,,
Fish Suit,,,,5001-50000,20000-50000,Very Rare,SAIS,,Wondrous Items,No,,,
Flail of Tiamat,,"70,000",,50001+,50000-300000,Legendary,FTD,,Weapons,Yes,,,
Flame Tongue,"5,000","5,000",,501-5000,2000-20000,Rare,DMG,170,Weapons,Yes,,,
Flying Chariot,,"4,750",,501-5000,2000-20000,Rare,MOoT,,Wondrous Items,No,,,
Folding Boat,"10,000","4,750","15,000",501-5000,2000-20000,Rare,DMG,170,Wondrous Items,No,,,
Frost Brand (any sword),"2,200","11,000",,5001-50000,20000-50000,Very Rare,DMG,171,Weapons,Yes,,,
Fulminating Treatise,,"4,000",,501-5000,2000-20000,Rare,TCE,,Wondrous Items,Yes,,,
Galder's Bubble Pipe,,"2,000",,501-5000,2000-20000,Rare,LLK,,Wondrous Items,Yes,,,
Gambler's Blade,,"10,000",,501-5000,2000-20000,Rare,LLK,,Weapons,Yes,,,
Gauntlets Of Flaming Fury,,"2,000",,501-5000,2000-20000,Rare,BGA,,Wondrous Items,Yes,,,
Gauntlets Of Ogre Power,"8,000",450,700,101-500,100-600,Uncommon,DMG,171,Wondrous Items: Hands,Yes,,,
Gavel Of The Venn Rune,,"2,800",,501-5000,2000-20000,Rare,SKT,234,Wondrous Items,Yes,,,
Gem Of Brightness,"5,000",250,600,101-500,100-600,Uncommon,DMG,171,Wondrous Items,No,,,
Gem Of Seeing,"32,000","5,000",18000,501-5000,2000-20000,Rare,DMG,172,Wondrous Items,Yes,,,
Ghost Lantern,,"1,750",,501-5000,2000-20000,Rare,TA,206,Wondrous Items,Yes,,,
Ghost Step Tattoo,,"9,000",,501-5000,2000-20000,Rare,TCE,,Wondrous Items,Yes,,,
Giant Slayer (any sword or axe),"7,000","4,600",,501-5000,2000-20000,Rare,DMG,172,Weapons,No,,,
Glamerweave (Common),,50,,50-100,20-70,Common,WGE,,Wondrous Items,No,,,
Glamerweave (Uncommon),,150,,101-500,100-600,Uncommon,EBR,,Wondrous Items,No,,,
Glamoured Studded Leather,"2,000","4,800",5000,501-5000,2000-20000,Rare,DMG,172,Armor,No,,,
Gloves Of Missile Snaring,"3,000",325,,101-500,100-600,Uncommon,DMG,172,Wondrous Items: Hands,Yes,,,
Gloves Of Swimming And Climbing,"2,000",250,,101-500,100-600,Uncommon,DMG,172,Wondrous Items: Hands,Yes,,,
Gloves Of Thievery,"5,000",300,500,101-500,100-600,Uncommon,DMG,172,Wondrous Items: Hands,No,,,
Gnomengarde Grenade,,,,Varies,Varies,Varies,DC,,Wondrous Items,No,,,
Goggles Of Night,"1,500",300,,101-500,100-600,Uncommon,DMG,172,Wondrous Items: Eyes,No,,,
Goggles of Object Reading,,350,,101-500,100-600,Uncommon,EGW,267,Wondrous Item,Yes,,,
Greater Silver Sword,,"16,000",,50001+,50000-300000,Legendary,MTF,,Weapons,Yes,,,
Green Dragon Mask,,,,50001+,50000-300000,Legendary,RT,,Wondrous Items,Yes,,,
Grimoire Infinitus,,,,50001+,50000-300000,Legendary,EGW,271,Wondrous Item,Yes,,,
Grovelthrash,,,,Priceless,Priceless,Artifact,EGW,275,Weapons,Yes,,,
Guardian Emblem,,300,,101-500,100-600,Uncommon,TCE,,Wondrous Items,Yes,,,
Guild Charms,,450,,101-500,100-600,Uncommon,GGR,173,Wondrous Items,No,,,
Guild Keyrune (Azorius),,"1,000",,501-5000,2000-20000,Rare,GGR,177,Wondrous Items,Yes,,,
Guild Keyrune (Boros),,"3,500",,501-5000,2000-20000,Rare,GGR,177,Wondrous Items,Yes,,,
Guild Keyrune (Dimir),,"26,000",,5001-50000,20000-50000,Very Rare,GGR,177,Wondrous Items,Yes,,,
Guild Keyrune (Golgari),,"7,500",,5001-50000,20000-50000,Very Rare,GGR,177,Wondrous Items,Yes,,,
Guild Keyrune (Gruul),,"2,800",,501-5000,2000-20000,Rare,GGR,177,Wondrous Items,Yes,,,
Guild Keyrune (Izzet),,"1,850",,501-5000,2000-20000,Rare,GGR,177,Wondrous Items,Yes,,,
Guild Keyrune (Orzhov),,"1,100",,501-5000,2000-20000,Rare,GGR,178,Wondrous Items,Yes,,,
Guild Keyrune (Rakdos),,400,,101-500,100-600,Uncommon,GGR,178,Wondrous Items,Yes,,,
Guild Keyrune (Selesnya),,"1,500",,501-5000,2000-20000,Rare,GGR,178,Wondrous Items,Yes,,,
Guild Keyrune (Simic),,500,,101-500,100-600,Uncommon,GGR,178,Wondrous Items,Yes,,,
Guild Signet,,350,,101-500,100-600,Uncommon,GGR,178,Rings,Yes,,,
Gulthias Staff,,"2,200",,501-5000,2000-20000,Rare,CS,221,Staffs,Yes,,, 
Gurt's Greataxe,,"67,000",,50001+,50000-300000,Legendary,SKT,234,Weapons,Yes,,,
Hammer Of Thunderbolts (maul),"16,000","51,000",,50001+,50000-300000,Legendary,DMG,173,Weapons,Yes,,,
Hammock of Worlds,,,,50001+,50000-300000,Legendary,JRC,,Wondrous Items,No,,,
Hammock of Worlds (Lesser),,,,50001+,50000-300000,Legendary,JRC,,Wondrous Items,No,,,
Hand Of Vecna,,,,Priceless,Priceless,Artifact,DMG,,Wondrous Items,Yes,,,
Handy Haversack,"2,000","2,000","8,000",501-5000,2000-20000,Rare,DMG,174,Wondrous Items,No,,,
Hat Of Disguise,"5,000",475,,101-500,100-600,Uncommon,DMG,173,Wondrous Items: Head,Yes,,,
Hat Of Vermin,,65,,50-100,20-70,Common,XGE,137,Wondrous Items: Head,No,,,
Hat Of Wizardry,,75,,50-100,20-70,Common,XGE,137,Wondrous Items: Head,Yes,,,
Hazirawn (greatsword),,"66,000",,50001+,50000-300000,Legendary,HDQ,94,Weapons,Yes,,,
Headband Of Intellect,"8,000",450,,101-500,100-600,Uncommon,DMG,173,Wondrous Items: Head,Yes,,,
Heart Weaver's Primer,,"3,000",,501-5000,2000-20000,Rare,TCE,,Wondrous Items,Yes,,,
Hell Hound Cloak,,"1,700",,501-5000,2000-20000,Rare,TYP,228,Wondrous Items: Shoulders,Yes,,,
Hellfire Weapon,,500,,101-500,100-600,Uncommon,BGA,,Weapons,No,,,
Helm Of Brilliance,,"32,000","33,000",5001-50000,20000-50000,Very Rare,DMG,173,Wondrous Items: Head,Yes,,,
Helm Of Comprehending Languages,500,200,,101-500,100-600,Uncommon,DMG,173,Wondrous Items: Head,No,,,
Helm Of Devil Command,,"21,500",,5001-50000,20000-50000,Very Rare,BGA,,Wondrous Items: Head,Yes,,,
Helm Of Telepathy,"12,000",300,,101-500,100-600,Uncommon,DMG,174,Wondrous Items: Head,Yes,,,
Helm Of Teleportation,"64,000","4,250",,501-5000,2000-20000,Rare,DMG,174,Wondrous Items: Head,Yes,,,
Helm of the Gods,,"1,200",,501-5000,2000-20000,Rare,MOoT,,Wondrous Items,Yes,,,
Helm Of The Scavenger,,175000,,50001+,50000-300000,Legendary,DMM,,Wondrous Items,Yes,,,
Helm Of Underwater Action,,500,,101-500,100-600,Uncommon,GoS,,Wondrous Items,Yes,,,
Hew (battleaxe),,800,,101-500,100-600,Uncommon,LMP,,Weapons,No,,,
Heward's Handy Haversack,"2,000","2,000",,501-5000,2000-20000,Rare,DMG,174,Wondrous Items,No,,,
Heward's Handy Spice Pouch,,100,,50-100,20-70,Common,XGE,137,Wondrous Items,No,,,
Heward's Hireling Armor (leather),,"7,000",,5001-50000,20000-50000,Very Rare,LLK,,Armor,Yes,,,
Hide of the Feral Guardian,,,,50001+,50000-300000,Legendary,EGW,271,Armor,Yes,,,
Holy Avenger (any sword),"165,000","65,000",,50001+,50000-300000,Legendary,DMG,174,Weapons,Yes,,,
Holy Symbol Of Ravenkind,,"51,000",,50001+,50000-300000,Legendary,CS,222,Wondrous Items: Neck,Yes,,,
Hook of Fisher's Delight,,550,,501-5000,2000-20000,Rare,ID,314,Wondrous Items,No,,,
Horn Of Blasting,450,"2,500",,501-5000,2000-20000,Rare,DMG,174,Wondrous Items,No,,,
Horn Of Silent Alarm,,85,,50-100,20-70,Common,XGE,137,Wondrous Items,No,,,
Horn Of The Endless Maze,,,,501-5000,2000-20000,Rare,DMM,,Wondrous Items,No,,,
Horn Of Valhalla (Brass),"8,400","5,000",,501-5000,2000-20000,Rare,DMG,175,Wondrous Items,No,,,
Horn Of Valhalla (Bronze),"11,200","20,000","40,000",5001-50000,20000-50000,Very Rare,DMG,175,Wondrous Items,No,,,
Horn Of Valhalla (Iron),"14,000","50,000",,50001+,50000-300000,Legendary,DMG,175,Wondrous Items,No,,,
Horn Of Valhalla (Silver),"5,600","5,000",,501-5000,2000-20000,Rare,DMG,175,Wondrous Items,No,,,
Horned Ring,,"10,000",,5001-50000,20000-50000,Very Rare,DMM,,Rings,Yes,,,
Horseshoes Of A Zephyr,"1,500","6,000","27,000",5001-50000,20000-50000,Very Rare,DMG,175,Wondrous Items,No,,,
Horseshoes Of Speed,"5,000","3,000",,501-5000,2000-20000,Rare,DMG,175,Wondrous Items,No,,,
Hunter's Coat,,"5,000",,5001-50000,20000-50000,Very Rare,EGW,267,Armor,Yes,,,
Icon Of Ravenloft,,"50,500",,50001+,50000-300000,Legendary,CS,222,Wondrous Items,Yes,,,
Iggwilv's Cauldron,,,,Priceless,Priceless,Artifact,TWBTW,,Wondrous Items,Yes,,,
Ild Rune Armor,,"3,000",,501-5000,2000-20000,Rare,SKT,235,Armor,Yes,,,
Ild Rune Weapon (any),,400,,101-500,100-600,Uncommon,SKT,235,Weapons,No,,,
Illuminator's Tattoo,,65,,50-100,20-70,Common,TCE,,Wondrous Items,Yes,,,
Illusionist's Bracers,,"13,500",,5001-50000,20000-50000,Very Rare,GGR,178,Wondrous Items: Arms & Wrists,Yes,,,
Imbued Wood Focus,,75,,50-100,20-70,Common,EBR,,Wondrous Items,Yes,,,
Immovable Rod,"5,000",500,,101-500,100-600,Uncommon,DMG,175,Rods,No,,,
Incantation of Iriolarthas,,"100,000",,50001+,50000-300000,Legendary,ID,317,Woundrous Items,No,,,
Infernal Puzzle Box,,"3,500",,101-500,100-600,Uncommon,BGA,,Wondrous Items,No,,,
Infernal Tack,,"8,000",,50001+,50000-300000,Legendary,BGA,,Wondrous Items,Yes,,,
Infiltrator's Key,,,,50001+,50000-300000,Legendary,EGW,272,Wondrous Item,Yes,,,
Ingot Of The Skold Rune,,"15,000",,5001-50000,20000-50000,Very Rare,SKT,234,Wondrous Items,Yes,,,
Inquisitives Goggles,,,,101-500,100-600,Uncommon,WGE,,Wondrous Items,Yes,,,
Inquisitives Goggles,,,,101-500,100-600,Uncommon,EBR,,Wondrous Items,Yes,,,
Insignia Of Claws,,450,,101-500,100-600,Uncommon,HDQ,94,Wondrous Items,No,,,
Instant Fortress,,"5,000",,501-5000,2000-20000,Rare,BR,,Wondrous Items,No,,,
Instrument Of Illusions,,100,,50-100,20-70,Common,XGE,137,Wondrous Items,Yes,,,
Instrument Of Scribing,,80,,50-100,20-70,Common,XGE,138,Wondrous Items,Yes,,,
Instrument of the Bards (Anstruth Harp),"109,000",17500,,5001-50000,20000-50000,Very Rare,DMG,176,Wondrous Items,Yes,,,
Instrument of the Bards (Canaith Mandolin),"30,000",3750,"9,000",501-5000,2000-20000,Rare,DMG,176,Wondrous Items,Yes,,,
Instrument of the Bards (Cli Lyre),"35,000",4250,,501-5000,2000-20000,Rare,DMG,176,Wondrous Items,Yes,,,
Instrument of the Bards (Doss Lute),"28,500",250,500,101-500,100-600,Uncommon,DMG,176,Wondrous Items,Yes,,,
Instrument of the Bards (Fochulan Bandore),"26,500",350,,101-500,100-600,Uncommon,DMG,176,Wondrous Items,Yes,,,
Instrument of the Bards (Mac-Fuirmidh Cittern),"27,000",450,,101-500,100-600,Uncommon,DMG,176,Wondrous Items,Yes,,,
Instrument of the Bards (Ollamh Harp),"125,000","51,000",,50001+,50000-300000,Legendary,DMG,176,Wondrous Items,Yes,,,
Ioun Stone (Absorption),"2,400","20,000",,5001-50000,20000-50000,Very Rare,DMG,177,Wondrous Items: Head,Yes,,,
Ioun Stone (Agility),"3,000","8,000",,5001-50000,20000-50000,Very Rare,DMG,177,Wondrous Items: Head,Yes,,,
Ioun Stone (Awareness),"12,000","4,000",6000,501-5000,2000-20000,Rare,DMG,177,Wondrous Items: Head,Yes,,,
Ioun Stone (Fortitude),"3,000","8,000","50,000",5001-50000,20000-50000,Very Rare,DMG,177,Wondrous Items: Head,Yes,,,
Ioun Stone (Greater Absorption),"31,000","60,000",,50001+,50000-300000,Legendary,DMG,177,Wondrous Items: Head,Yes,,,
Ioun Stone (Insight),"3,000","8,000",,5001-50000,20000-50000,Very Rare,DMG,177,Wondrous Items: Head,Yes,,,
Ioun Stone (Intellect),"3,000","8,000","45,000",5001-50000,20000-50000,Very Rare,DMG,177,Wondrous Items: Head,Yes,,,
Ioun Stone (Leadership),"3,000","8,000",30000,5001-50000,20000-50000,Very Rare,DMG,177,Wondrous Items: Head,Yes,,,
Ioun Stone (Mastery),"15,000","60,000",,50001+,50000-300000,Legendary,DMG,177,Wondrous Items: Head,Yes,,,
Ioun Stone (Protection),"1,200","3,600",,501-5000,2000-20000,Rare,DMG,177,Wondrous Items: Head,Yes,,,
Ioun Stone (Regeneration),"4,000","55,000",,50001+,50000-300000,Legendary,DMG,177,Wondrous Items: Head,Yes,,,
Ioun Stone (Reserve),"6,000","4,500","13,000",501-5000,2000-20000,Rare,DMG,177,Wondrous Items: Head,Yes,,,
Ioun Stone (Strength),"3,000","8,000",,5001-50000,20000-50000,Very Rare,DMG,177,Wondrous Items: Head,Yes,,,
Ioun Stone (Sustenance),"1,000","3,000",6000,501-5000,2000-20000,Rare,DMG,177,Wondrous Items: Head,Yes,,,
Ioun Stone (Vitality),,"1,000",,5001-50000,20000-50000,Very Rare,IMR,94,Wondrous Items: Head,Yes,,,
Ioun Stone Of Historical Knowledge,,500,,501-5000,2000-20000,Rare,LLK,,Wondrous Items,Yes,,,
Ioun Stone Of Language Knowledge,,500,,501-5000,2000-20000,Rare,LLK,,Wondrous Items,Yes,,,
Ioun Stone Of Natural Knowledge,,500,,501-5000,2000-20000,Rare,LLK,,Wondrous Items,Yes,,,
Ioun Stone Of Religious Knowledge,,500,,501-5000,2000-20000,Rare,LLK,,Wondrous Items,Yes,,,
Ioun Stone Of Self Preservation,,750,,501-5000,2000-20000,Rare,LLK,,Wondrous Items,Yes,,,
Ioun Stone Of Supreme Intellect,,600,,501-5000,2000-20000,Rare,LLK,,Wondrous Items,Yes,,,
Irian Rosewood Focus,,,,50-100,20-70,Common,WGE,,Wondrous Items,Yes,,,
Irian Rosewood Focus,,,,50-100,20-70,Common,EBR,,Wondrous Items,Yes,,,
Iron Bands Of Bilarro,"4,000","2,600",,501-5000,2000-20000,Rare,DMG,177,Wondrous Items,No,,,
Iron Bands Of Binding,"4,000","2,600",,501-5000,2000-20000,Rare,BR,,Wondrous Items,No,,,
Iron Flask,,"170,000",,50001+,50000-300000,Legendary,DMG,178,Wondrous Items,No,,,
Ironfang (war pick),,"76,000",,50001+,50000-300000,Legendary,PA,224,Weapons,Yes,,,
Ise Rune Boots,,"2,650",,501-5000,2000-20000,Rare,SKT,237,Wondrous Items: Feet,Yes,,,
Ise Rune Cloak,,"1,200",,501-5000,2000-20000,Rare,SKT,237,Wondrous Items: Shoulders,Yes,,,
Javelin Of Backbiting (or spear),,"6,500",,5001-50000,20000-50000,Very Rare,TH,,Weapons,Yes,,,
Javelin Of Lightning,"1,500",350,,101-500,100-600,Uncommon,DMG,178,Weapons,No,,,
Jewel of Three Prayers,,,,50001+,50000-300000,Legendary,CotN,213,Wondrous Items,Yes,,,
Keoghtom's Ointment (Per Dose),120,400,,101-500,100-600,Uncommon,DMG,179,Wondrous Items,No,,,
Keycharm,,50,,50-100,20-70,Common,EBR,,Wondrous Items,Yes,,,
"Khrusor, Spear of Heliod",,,,Priceless,Priceless,Artifact,MOoT,,Weapons,Yes,,,
Knave's Eye Patch,,"2,000",,501-5000,2000-20000,Rare,WDH,191,Wondrous Items: Head,Yes,,,
Korolnor Scepter,,"63,000",,50001+,50000-300000,Legendary,SKT,234,Weapons,Yes,,,
Kyrzin's Ooze,,"21,000",,5001-50000,20000-50000,Very Rare,EBR,,Wondrous Items,Yes,,,
Kythrian Manchineel Focus,,,,50-100,20-70,Common,WGE,,Wondrous Items,Yes,,,
Kythrian Manchineel Focus,,,,50-100,20-70,Common,EBR,,Wondrous Items,Yes,,,
Lamannian Oak Focus,,,,50-100,20-70,Common,WGE,,Wondrous Items,Yes,,,
Lamannian Oak Focus,,,,50-100,20-70,Common,EBR,,Wondrous Items,Yes,,,
Lantern Of Revealing,"5,000",500,400,101-500,100-600,Uncommon,DMG,179,Wondrous Items,No,,,
Lantern of Tracking,,75,,50-100,20-70,Common,ID,,Wondrous Items,No,,,
Lash of Shadows,,,,Priceless,Priceless,Artifact,EGW,276,Weapons,Yes,,,
Last Stand Armor,,"6,500",,5001-50000,20000-50000,Very Rare,EGW,267,Armor,No,,,
Leather Golem Armor,,"3,000",,501-5000,2000-20000,Rare,LLK,,Armor,Yes,,,
Libram of Souls and Flesh,,"4,200",,501-5000,2000-20000,Rare,TCE,,Wondrous Items,Yes,,,
Lifewell Tattoo,,"5,100",,501-5000,2000-20000,Rare,TCE,,Wondrous Items,Yes,,,
Lightbringer (mace),,"1,600",,501-5000,2000-20000,Rare,LMP,,Weapons,No,,,
Living Armor,,"9,500",,5001-50000,20000-50000,Very Rare,EBR,,Armor,Yes,,,
Living Gloves,,500,,101-500,100-600,Uncommon,EBR,,Wondrous Items,Yes,,,
Living Loot Satchel,,,,Varies,Varies,Varies,AI,,Wondrous Items,No,,,
Loadstone,,150,,501-5000,2000-20000,Rare,TYP,228,Wondrous Items,No,,,
Lock Of Trickery,,50,,50-100,20-70,Common,XGE,138,Wondrous Items,No,,,
Lord's Ensemble,,"5,000",,501-5000,2000-20000,Rare,WDH,191,Wondrous Items: Body,Yes,,,
Lorehold Primer,,300,,101-500,100-600,Uncommon,STRX,,Wondrous Items,Yes,,,
Lost Crown Of Besilmer,,"23,000",,50001+,50000-300000,Legendary,PA,223,Wondrous Items: Head,Yes,,,
Luba's Tarokka of Souls,,,,Priceless,Priceless,Artifact,TCE,,Wondrous Items,Yes,,,
Luck Blade,,"100,000",,50001+,50000-300000,Legendary,DMG,179,Weapons,Yes,,,
Luxon Beacon,,"35,000",,50001+,50000-300000,Legendary,EGW,268,Wondrous Item,No,,,
Lyre of Building,,"4,750",,501-5000,2000-20000,Rare,TCE,,Wondrous Items,Yes,,,
Mabaran Ebony Focus,,,,50-100,20-70,Common,WGE,,Wondrous Items,Yes,,,
Mabaran Ebony Focus,,,,50-100,20-70,Common,EBR,,Wondrous Items,Yes,,,
Mabaran Resonator,,,,50001+,50000-300000,Legendary,WGE,,Wondrous Items,Yes,,,
Mabaran Resonator,,,,50001+,50000-300000,Legendary,EBR,,Wondrous Items,Yes,,,
Mace Of Disruption,"8,000","1,750",10000,501-5000,2000-20000,Rare,DMG,179,Weapons,Yes,,,
Mace Of Smiting,"7,000","2,000",,501-5000,2000-20000,Rare,DMG,179,Weapons,No,,,
Mace Of Terror,"8,000","3,500","12,000",501-5000,2000-20000,Rare,DMG,180,Weapons,Yes,,,
Mace of the Black Crown,,,,Priceless,Priceless,Artifact,EGW,276,Weapons,Yes,,,
Mantle Of Spell Resistance,"30,000","4,200","9,000/12,100",501-5000,2000-20000,Rare,DMG,180,Wondrous Items: Shoulders,Yes,,,
Manual Of Bodily Health,,"36,000",,5001-50000,20000-50000,Very Rare,DMG,180,Wondrous Items,No,,,
Manual Of Gainful Exercise,,"36,000",,5001-50000,20000-50000,Very Rare,DMG,180,Wondrous Items,No,,,
Manual Of Golems,,"22,000",5000,5001-50000,20000-50000,Very Rare,DMG,180,Wondrous Items,No,,,
Manual Of Quickness Of Action,,"36,000",,5001-50000,20000-50000,Very Rare,DMG,181,Wondrous Items,No,,,
Many-Handed Pouch,,,,Varies,Varies,Varies,UA,,Wondrous Items,No,,,
Mariner's Armor,"1,500",+400,"1,200 (Plate), 1,000 (Chain Mail)",101-500,100-600,Uncommon,DMG,181,Armor,No,,,
Marvelous Pigments,,"16,000","32,500",5001-50000,20000-50000,Very Rare,BR,,Wondrous Items,No,,,
Mask Of The Beast,,200,,101-500,100-600,Uncommon,TA,207,Wondrous Items: Eyes,No,,,
Mask Of The Dragon Queen,,,,50001+,50000-300000,Legendary,RT,,Wondrous Items,Yes,,,
Masquerade Tattoo,,75,,50-100,20-70,Common,TCE,,Wondrous Items,Yes,,,
Master's Amulet,,,,501-5000,2000-20000,Rare,BR,,Wondrous Items,No,,,
Master's Call,,,,50001+,50000-300000,Legendary,WGE,,Wondrous Items,Yes,,,
Masters Call,,,,50001+,50000-300000,Legendary,EBR,,Wondrous Items,Yes,,,
"Mastix, Whip of Erebos",,,,Priceless,Priceless,Artifact,MOoT,,Weapons,Yes,,,
Matalotok,,"70,000",,50001+,50000-300000,Legendary,BGA,,Weapons,Yes,,,
Medal of Muscle,,,,50-100,20-70,Common,CotN,214,Wondrous Items,No,,,
Medal of the Conch,,,,50-100,20-70,Common,CotN,214,Wondrous Items,No,,,
Medal of the Horizonback,,,,50-100,20-70,Common,CotN,214,Wondrous Items,No,,,
Medal of the Maze,,,,50-100,20-70,Common,CotN,214,Wondrous Items,No,,,
Medal of the Meat Pie,,,,50-100,20-70,Common,CotN,214,Wondrous Items,No,,,
Medal of the Wetlands,,,,50-100,20-70,Common,CotN,214,Wondrous Items,No,,,
Medal of Wit,,,,50-100,20-70,Common,CotN,214,Wondrous Items,No,,,
Medallion Of Thoughts,"3,000",300,400/700,101-500,100-600,Uncommon,DMG,181,Wondrous Items: Neck,Yes,,,
Mighty Servant of Leuk-o,,,,Priceless,Priceless,Artifact,TCE,,Wondrous Items,Yes,,,
Mind Blade (any sword),,"2,000",,501-5000,2000-20000,Rare,VGM,,Weapons,Yes,,,
Mind Carapace Armor,,+500,,101-500,100-600,Uncommon,VGM,,Armor,Yes,,,
Mind Lash (whip),,750,,501-5000,2000-20000,Rare,VGM,,Weapons,Yes,,,
Mirror Of Life Trapping,"18,000","50,000",,5001-50000,20000-50000,Very Rare,DMG,181,Wondrous Items,No,,,
Mirror Of The Past,,"3,800",,501-5000,2000-20000,Rare,TYP,228,Wondrous Items,No,,,
"Mithral Armor (medium or heavy, not hide)",800,+450,800 (Chain Mail),101-500,100-600,Uncommon,DMG,182,Armor,No,,,
"Mithral Half Plate, +1",,,,501-5000,2000-20000,Rare,AI,,Armor,No,,,
Mizzium Apparatus,,500,,101-500,100-600,Uncommon,GGR,179,Wondrous Items: Body,Yes,,,
Mizzium Armor,,"+1,500",,501-5000,2000-20000,Rare,GGR,179,Armor,No,,,
Mizzium Mortar,,"2,100",,501-5000,2000-20000,Rare,GGR,179,Wondrous Items,No,,,
Molten Bronze Skin,,"+1,300",,501-5000,2000-20000,Rare,MOoT,,Armor,Yes,,,
Moodmark Paint,,50,,50-100,20-70,Common,GGR,180,Wondrous Items,No,,,
"Moon Sickle, +1",,"1,500",,101-500,100-600,Uncommon,TCE,,Weapons,Yes,,,
"Moon Sickle, +2",,"4,000",,501-5000,2000-20000,Rare,TCE,,Weapons,Yes,,,
"Moon Sickle, +3",,"16,500",,5001-50000,20000-50000,Very Rare,TCE,,Weapons,Yes,,,
Moon-Touched Sword,,+75,,50-100,20-70,Common,XGE,138,Weapons,No,,,
Moonblade,,,,50001+,50000-300000,Legendary,DMG,,Weapons,Yes,,,
Mummy Rot Antidote,,150,,101-500,100-600,Uncommon,IMR,,Potions & Oils,No,,,
Mystery Key,,50,,50-100,20-70,Common,XGE,138,Wondrous Items,No,,,
Nature's Mantle,,325,,101-500,100-600,Uncommon,TCE,,Wondrous Items,Yes,,,
Navigation Orb,,"27,000",,5001-50000,20000-50000,Very Rare,SKT,235,Wondrous Items,Yes,,,
Necklace Of Adaptation,"1,500",450,,101-500,100-600,Uncommon,DMG,182,Wondrous Items: Neck,Yes,,,
Necklace of Fireballs (1 Bead),300,725,,501-5000,2000-20000,Rare,DMG,182,Wondrous Items: Neck,No,,,
Necklace of Fireballs (2 Beads),480,"1,450",,501-5000,2000-20000,Rare,DMG,182,Wondrous Items: Neck,No,,,
Necklace of Fireballs (3 Beads),960,"2,175",,501-5000,2000-20000,Rare,DMG,182,Wondrous Items: Neck,No,,,
Necklace of Fireballs (4 Beads),"1,600","2,900",,501-5000,2000-20000,Rare,DMG,182,Wondrous Items: Neck,No,,,
Necklace of Fireballs (5 Beads),"3,840","3,625",,501-5000,2000-20000,Rare,DMG,182,Wondrous Items: Neck,No,,,
Necklace of Fireballs (6 Beads),"7,680","4,350",,501-5000,2000-20000,Rare,DMG,182,Wondrous Items: Neck,No,,,
Necklace Of Prayer Beads (Blessing),"2,000","5,000",10000 (Whole necklace),501-5000,2000-20000,Rare,DMG,182,Wondrous Items: Neck,Yes,,,
Necklace Of Prayer Beads (Curing),"4,000","5,000",10000 (Whole necklace),501-5000,2000-20000,Rare,DMG,182,Wondrous Items: Neck,Yes,,,
Necklace Of Prayer Beads (Favor),"32,000","5,000",10000 (Whole necklace),501-5000,2000-20000,Rare,DMG,182,Wondrous Items: Neck,Yes,,,
Necklace Of Prayer Beads (Smiting),"1,500","5,000",10000 (Whole necklace),501-5000,2000-20000,Rare,DMG,182,Wondrous Items: Neck,Yes,,,
Necklace Of Prayer Beads (Summons),"128,000","5,000",10000 (Whole necklace),501-5000,2000-20000,Rare,DMG,182,Wondrous Items: Neck,Yes,,,
Necklace Of Prayer Beads (Wind Walking),"96,000","5,000",10000 (Whole necklace),501-5000,2000-20000,Rare,DMG,182,Wondrous Items: Neck,Yes,,,
Needle of Mending,,"1,400",,501-5000,2000-20000,Rare,EGW,268,Weapons,Yes,,,
Night Caller,,350,,101-500,100-600,Uncommon,TYP,228,Wondrous Items,No,,,
Nightfall Pearl,,"51,000",,50001+,50000-300000,Legendary,EGW,268,Wondrous Item,Yes,,,
Nine Lives Stealer (Fully Charged) (any sword),"8,000","36,000",,5001-50000,20000-50000,Very Rare,DMG,183,Weapons,Yes,,,
Nolzur's Marvelous Pigments,200,"16,000",,5001-50000,20000-50000,Very Rare,DMG,183,Wondrous Items,No,,,
Oathbow (longbow),"3,500","13,000","50,000",5001-50000,20000-50000,Very Rare,DMG,183,Weapons,Yes,,,
Obsidian Flint Dragon Plate,,"27,000",,50001+,50000-300000,Legendary,BGA,,Armor,No,,,
Obviator's Lenses,,,,Varies,Varies,Varies,AI,,Wondrous Items,No,,,
Occultant Abacus,,,,Varies,Varies,Varies,AI,,Wondrous Items,No,,,
Oil Of Etherealness,"1,920","2,000","3,000",501-5000,2000-20000,Rare,DMG,183,Potions & Oils,No,,,
Oil Of Sharpness,"3,200","2,200",,5001-50000,20000-50000,Very Rare,DMG,184,Potions & Oils,No,,,
Oil Of Slipperiness,480,250,200,101-500,100-600,Uncommon,DMG,184,Potions & Oils,No,,,
Opal Of The Ild Rune,,"3,500",,501-5000,2000-20000,Rare,SKT,235,Wondrous Items,Yes,,,
Orb Of Direction,,50,,50-100,20-70,Common,XGE,138,Wondrous Items,No,,,
Orb Of Dragonkind,,,,Priceless,Priceless,Artifact,DMG,,Wondrous Items,Yes,,,
Orb Of Gonging,,50,,50-100,20-70,Common,DMM,,Wondrous Items,No,,,
Orb Of Shielding,,80,,50-100,20-70,Common,WGE,,Wondrous Items,Yes,,,
Orb Of Shielding,,80,,50-100,20-70,Common,EBR,,Wondrous Items,Yes,,,
Orb Of The Stein Rune,,"2,700",,501-5000,2000-20000,Rare,SKT,235,Wondrous Items,Yes,,,
Orb of the Veil,,"31,000",,5001-50000,20000-50000,Very Rare,EGW,268,Wondrous Item,Yes,,,
Orb Of Time,,50,,50-100,20-70,Common,XGE,138,Wondrous Items,No,,,
Orcsplitter (greataxe),,"60,000",,50001+,50000-300000,Legendary,PA,224,Weapons,Yes,,,
Ornithopter of Flying,,"3,500",,5001-50000,20000-50000,Very Rare,TWBTW,,Wondrous Items,No,,,
Orrery Of The Wanderer,,,,Priceless,Priceless,Artifact,AI,,Wondrous Items,Yes,,,
Outer Essence Shard,,"2,000",,501-5000,2000-20000,Rare,TCE,,Wondrous Items,Yes,,,
Paper Bird,,350,,101-500,100-600,Uncommon,WDH,191,Wondrous Items,No,,,
Pariah's Shield,,"1,500",,501-5000,2000-20000,Rare,GGR,180,Shields,Yes,,,
Pearl Of Power,"6,000",400,600,101-500,100-600,Uncommon,DMG,184,Wondrous Items,Yes,,,
Pennant Of The Vind Rune,,"13,000",,5001-50000,20000-50000,Very Rare,SKT,235,Wondrous Items,Yes,,,
Peregrine Mask,,"6,000",,5001-50000,20000-50000,Very Rare,GGR,180,Wondrous Items: Head,Yes,,,
Perfume Of Bewitching,,75,,50-100,20-70,Common,XGE,138,Potions & Oils,No,,,
Periapt Of Health,"5,000",250,,101-500,100-600,Uncommon,DMG,184,Wondrous Items: Neck,No,,,
Periapt Of Proof Against Poison,"5,000","4,700",20100,501-5000,2000-20000,Rare,DMG,184,Wondrous Items: Neck,No,,,
Periapt Of Wound Closure,"5,000",375,500,101-500,100-600,Uncommon,DMG,184,Wondrous Items: Neck,Yes,,,
Philter Of Love,90,150,,101-500,100-600,Uncommon,DMG,184,Potions & Oils,No,,,
Piercer,,,,501-5000,2000-20000,Rare,AI,,Weapons,Yes,,,
Pipe Of Remembrance,,50,,50-100,20-70,Common,GoS,,Wondrous Items,No,,,
Pipe Of Smoke Monsters,,50,,50-100,20-70,Common,XGE,138,Wondrous Items,No,,,
Pipes Of Haunting,"6,000",300,500,101-500,100-600,Uncommon,DMG,185,Wondrous Items,No,,,
Pipes Of The Sewers,"2,000",150,,101-500,100-600,Uncommon,DMG,185,Wondrous Items,Yes,,,
Piwafwi (Cloak Of Elvenkind),,200,,101-500,100-600,Uncommon,OA,222,Wondrous Items: Shoulders,Yes,,,
Piwafwi Of Fire Resistance,,"1,400",,501-5000,2000-20000,Rare,OA,222,Wondrous Items: Shoulders,Yes,,,
Pixie Dust,,"1,000",,101-500,100-600,Uncommon,TWBTW,,Wondrous Items,No,,,
Planecaller's Codex,,"3,500",,501-5000,2000-20000,Rare,TCE,,Wondrous Items,Yes,,,
Plate Armor Of Etherealness,"48,000","60,000",,50001+,50000-300000,Legendary,DMG,185,Armor,Yes,,,
Platinum Scarf,,"20,000",,50001+,50000-300000,Legendary,FTD,,Wondrous Items,Yes,,,
Pole Of Angling,,50,,50-100,20-70,Common,XGE,138,Wondrous Items,No,,,
Pole Of Collapsing,,55,,50-100,20-70,Common,XGE,138,Wondrous Items,No,,,
Polymorph Blade (any sword),,"6,500",,5001-50000,20000-50000,Very Rare,LLK,,Weapons,Yes,,,
Portable Hole,"8,000","5,000","11,000",501-5000,2000-20000,Rare,DMG,185,Wondrous Items,No,,,
Portfolio Keeper,,,,Varies,Varies,Varies,AI,,Wondrous Items,No,,,
Pot Of Awakening,,85,,50-100,20-70,Common,XGE,138,Wondrous Items,No,,,
Potion of Advantage,,125,,101-500,100-600,Uncommon,TWBTW,,Potions,No,,,
Potion Of Animal Friendship,200,200,,101-500,100-600,Uncommon,DMG,187,Potions & Oils,No,,,
Potion of Aqueous Form,,"1,000",,501-5000,2000-20000,Rare,MOoT,,Potions & Oils,No,,,
Potion Of Clairvoyance,960,900,,501-5000,2000-20000,Rare,DMG,187,Potions & Oils,No,,,
Potion Of Climbing,180,30,,50-100,20-70,Common,DMG,187,Potions & Oils,No,,,
Potion Of Comprehension,,25,,50-100,20-70,Common,WDH,,Potions & Oils,No,,,
Potion Of Diminution,270,500,,501-5000,2000-20000,Rare,DMG,187,Potions & Oils,No,,,
Potion of Dragon's Majesty,,"15,000",,50001+,50000-300000,Legendary,FTD,,Potions,No,,,
Potion Of Fire Breath,150,350,150,101-500,100-600,Uncommon,DMG,187,Potions & Oils,No,,,
Potion Of Flying,500,"2,500","9,000",5001-50000,20000-50000,Very Rare,DMG,187,Potions & Oils,No,,,
Potion Of Gaseous Form,300,"1,500",,501-5000,2000-20000,Rare,DMG,187,Potions & Oils,No,,,
Potion Of Giant Size,,"11,000",,50001+,50000-300000,Legendary,SKT,236,Potions & Oils,No,,,
Potion Of Giant Strength (Cloud),,"1,800",,5001-50000,20000-50000,Very Rare,DMG,187,Potions & Oils,No,,,
Potion Of Giant Strength (Fire),,"1,200",,501-5000,2000-20000,Rare,DMG,187,Potions & Oils,No,,,
Potion Of Giant Strength (Frost/Stone),,650,,501-5000,2000-20000,Rare,DMG,187,Potions & Oils,No,,,
Potion Of Giant Strength (Hill),,125,,101-500,100-600,Uncommon,DMG,187,Potions & Oils,No,,,
Potion Of Giant Strength (Storm),,"8,000",,50001+,50000-300000,Legendary,DMG,187,Potions & Oils,No,,,
Potion Of Growth,270,300,200/100,101-500,100-600,Uncommon,DMG,187,Potions & Oils,No,,,
Potion Of Healing,50,50,30/40,50-100,20-70,Common,DMG,187,Potions & Oils,No,,,
Potion Of Healing (Greater),150,300,300/300/500,101-500,100-600,Uncommon,DMG,187,Potions & Oils,No,,,
Potion Of Healing (Superior),450,750,,5001-50000,20000-50000,Very Rare,DMG,187,Potions & Oils,No,,,
Potion Of Healing (Supreme),"1,350","1,500",,5001-50000,20000-50000,Very Rare,DMG,187,Potions & Oils,No,,,
Potion Of Heroism,180,800,,501-5000,2000-20000,Rare,DMG,188,Potions & Oils,No,,,
Potion Of Invisibility,180,"2,000",,5001-50000,20000-50000,Very Rare,DMG,188,Potions & Oils,No,,,
Potion Of Invulnerability,"3,840","1,500","4,000",501-5000,2000-20000,Rare,DMG,188,Potions & Oils,No,,,
Potion Of Longevity,"9,000","3,000",,5001-50000,20000-50000,Very Rare,DMG,188,Potions & Oils,No,,,
Potion of Maximum Power,,"2,000",,501-5000,2000-20000,Rare,EGW,268,Potion,No,,,
Potion Of Mind Control (Beast),,"1,600",,501-5000,2000-20000,Rare,TYP,229,Potions & Oils,No,,,
Potion Of Mind Control (Humanoid),,"2,500",,501-5000,2000-20000,Rare,TYP,229,Potions & Oils,No,,,
Potion Of Mind Control (Monster),,"6,000",,5001-50000,20000-50000,Very Rare,TYP,229,Potions & Oils,No,,,
Potion Of Mind Reading,180,"1,100",,501-5000,2000-20000,Rare,DMG,188,Potions & Oils,No,,,
Potion Of Poison,100,500,125,101-500,100-600,Uncommon,DMG,188,Potions & Oils,No,,,
Potion of Possibility,,"1,900",,5001-50000,20000-50000,Very Rare,EGW,268,Potion,No,,,
Potion Of Resistance,300,500,,101-500,100-600,Uncommon,DMG,188,Potions & Oils,No,,,
Potion Of Speed,400,"2,000",,5001-50000,20000-50000,Very Rare,DMG,188,Potions & Oils,No,,,
Potion Of Vitality,960,"1,800",,5001-50000,20000-50000,Very Rare,DMG,188,Potions & Oils,No,,,
Potion Of Watchful Rest,,35,,50-100,20-70,Common,WDH,,Potions & Oils,No,,,
Potion Of Water Breathing,180,400,,501-5000,2000-20000,Rare,DMG,188,Potions & Oils,No,,,
Powered Armor (plate),,"30,000",,50001+,50000-300000,Legendary,LLK,,Armor,Yes,,,
Pressure Capsule,,25,,50-100,20-70,Common,GoS,,Wondrous Items,No,,,
Prismari Primer,,300,,101-500,100-600,Uncommon,STRX,,Wondrous Items,Yes,,,
Professor Orb,,"4,000",,501-5000,2000-20000,Rare,DMM,,Wondrous Items,No,,,
Professor Orb,,"4,000",,501-5000,2000-20000,Rare,ID,,Wondrous Items,No,,,
Propeller Helm,,250,,101-500,100-600,Uncommon,DMM,,Wondrous Items,Yes,,,
Prosthetic Limb,,100,,50-100,20-70,Common,EGW,278,Wondrous Item,Yes,,,
Prosthetic Limb,,100,,50-100,20-70,Common,EBR,,Wondrous Items,Yes,,,
Prosthetic Limb,,,,50-100,20-70,Common,TCE,,Wondrous Items,No,,,
Protective Verses,,"3,500",,501-5000,2000-20000,Rare,TCE,,Wondrous Items,Yes,,,
Psi Crystal,,500,,101-500,100-600,Uncommon,ID,,Wondrous Items,Yes,,,
Pyroconverger,,250,,101-500,100-600,Uncommon,GGR,180,Wondrous Items,Yes,,,
Pyxis of Pandemonium,,"25,000",,50001+,50000-300000,Legendary,MOoT,,Wondrous Items,No,,,
Quaals Feather Token (Anchor),50,"1,000",,501-5000,2000-20000,Rare,DMG,188,Wondrous Items,No,,,
Quaals Feather Token (Bird),"3,000","1,000",,501-5000,2000-20000,Rare,DMG,188,Wondrous Items,No,,,
Quaals Feather Token (Fan),250,"1,000",,501-5000,2000-20000,Rare,DMG,188,Wondrous Items,No,,,
Quaals Feather Token (Swan Boat),"3,000","1,000","12,000",501-5000,2000-20000,Rare,DMG,188,Wondrous Items,No,,,
Quaals Feather Token (Whip),250,"1,000",,501-5000,2000-20000,Rare,DMG,188,Wondrous Items,No,,,
Quandrix Primer,,300,,101-500,100-600,Uncommon,STRX,,Wondrous Items,Yes,,,
Quiver Of Ehlonna,"1,000",250,,101-500,100-600,Uncommon,DMG,189,Wondrous Items,No,,,
Quori Beech Focus,,,,50-100,20-70,Common,WGE,,Wondrous Items,Yes,,,
Quori Beech Focus,,,,50-100,20-70,Common,EBR,,Wondrous Items,Yes,,,
Radiant Weapon,,,,Varies,Varies,Varies,UA,,Weapons,Yes,,,
Rakdos Riteknife (dagger),,"60,000",,50001+,50000-300000,Legendary,GGR,180,Weapons,Yes,,,
Red Dragon Mask,,,,50001+,50000-300000,Legendary,RT,,Wondrous Items,Yes,,,
Reincarnation Dust,,"3,500",,5001-50000,20000-50000,Very Rare,EGW,268,Wondrous Item,No,,,
Repeating Shot Weapon,,,,Varies,Varies,Varies,UA,,Weapons,Yes,,,
Repulsion Shield,,,,Varies,Varies,Varies,UA,,Armor,Yes,,,
Restorative Ointment,,,,101-500,100-600,Uncommon,BR,,Wondrous Items,No,,,
Returning Weapon,,,,Varies,Varies,Varies,UA,,Weapons,No,,,
Reveler's Concertina,,"4,250",,501-5000,2000-20000,Rare,TCE,,Wondrous Items,Yes,,,
Revenant Double Bladed Scimitar,,,,50-100,20-70,Common,EBR,,Weapons,No,,,
Revenant Double-Bladed Scimitar,,,,50-100,20-70,Common,WGE,,Weapons,No,,,
"Rhythm-Maker's Drum, +1",,425,,101-500,100-600,Uncommon,TCE,,Wondrous Items,Yes,,,
"Rhythm-Maker's Drum, +2",,"4,250",,501-5000,2000-20000,Rare,TCE,,Wondrous Items,Yes,,,
"Rhythm-Maker's Drum, +3",,"14,500",,5001-50000,20000-50000,Very Rare,TCE,,Wondrous Items,Yes,,,
Ring Of Air Elemental Command,"35,000","200,000",,50001+,50000-300000,Legendary,DMG,190,Rings,Yes,,,
Ring Of Animal Influence,"4,000","1,000",,501-5000,2000-20000,Rare,DMG,189,Rings,No,,,
Ring Of Djinni Summoning,,"125,000",,50001+,50000-300000,Legendary,DMG,190,Rings,Yes,,,
Ring Of Earth Elemental Command,"31,000","200,000",,50001+,50000-300000,Legendary,DMG,190,Rings,Yes,,,
Ring Of Elemental Command,,"200,000",,50001+,50000-300000,Legendary,DMG,,Rings,Yes,,,
Ring Of Evasion,"5,000","4,900","12,000",501-5000,2000-20000,Rare,DMG,191,Rings,Yes,,,
Ring Of Feather Falling,"2,000","2,200","7,500",501-5000,2000-20000,Rare,DMG,192,Rings,Yes,,,
Ring Of Fire Elemental Command,"17,000","200,000",,50001+,50000-300000,Legendary,DMG,190,Rings,Yes,,,
Ring Of Free Action,"20,000","4,500","9,000",501-5000,2000-20000,Rare,DMG,191,Rings,Yes,,,
Ring Of Invisibility,"10,000","75,000",,50001+,50000-300000,Legendary,DMG,191,Rings,Yes,,,
Ring Of Jumping,"2,500",250,,101-500,100-600,Uncommon,DMG,191,Rings,Yes,,,
Ring Of Mind Shielding,"16,000",250,600/800,101-500,100-600,Uncommon,DMG,191,Rings,Yes,,,
Ring of Obscuring,,150,,101-500,100-600,Uncommon,EGW,269,Rings,Yes,,,
Ring Of Protection,"3,500","3,000","9,000",501-5000,2000-20000,Rare,DMG,191,Rings,Yes,,,
Ring of Red Fury,,,,5001-50000,20000-50000,Very Rare,CotN,214,Rings,Yes,,,
Ring Of Regeneration,"12,000","40,000","60,000",5001-50000,20000-50000,Very Rare,DMG,191,Rings,Yes,,,
Ring Of Resistance,"6,000","3,500",,501-5000,2000-20000,Rare,DMG,192,Rings,Yes,,,
Ring Of Shooting Stars,"14,000","20,000",,5001-50000,20000-50000,Very Rare,DMG,192,Rings,Yes,,,
Ring Of Spell Storing,"24,000","3,600",,501-5000,2000-20000,Rare,DMG,192,Rings,Yes,,,
Ring Of Spell Turning,"30,000","66,000",,50001+,50000-300000,Legendary,DMG,1193,Rings,Yes,,,
Ring Of Swimming,"3,000",300,,101-500,100-600,Uncommon,DMG,193,Rings,No,,,
Ring Of Telekinesis,"80,000","25,000",,5001-50000,20000-50000,Very Rare,DMG,193,Rings,Yes,,,
Ring of Temporal Salvation,,"2,250",,501-5000,2000-20000,Rare,EGW,269,Rings,Yes,,,
Ring Of The Ram,"5,000","4,000",,501-5000,2000-20000,Rare,DMG,193,Rings,Yes,,,
Ring Of Three Wishes,,"97,950",,50001+,50000-300000,Legendary,DMG,193,Rings,No,,,
Ring Of Truth Telling,,150,,101-500,100-600,Uncommon,WDH,192,Rings,Yes,,,
Ring Of Warmth,"1,000",480,100,101-500,100-600,Uncommon,DMG,193,Rings,Yes,,,
Ring Of Water Elemental Command,"25,000","200,000",,50001+,50000-300000,Legendary,DMG,191,Rings,Yes,,,
Ring Of Water Walking,"1,500",500,,101-500,100-600,Uncommon,DMG,193,Rings,No,,,
Ring Of Winter,,,,Priceless,Priceless,Artifact,TA,,Rings,Yes,,,
Ring Of X-Ray Vision,"6,000","3,500",4000,501-5000,2000-20000,Rare,DMG,193,Rings,Yes,,,
Rings Of Shared Suffering,,,,101-500,100-600,Uncommon,EBR,,Ring,No,,,
Rings Of Shared Suffering,,,,101-500,100-600,Uncommon,WGE,,Rings,No,,,
Risian Pine Focus,,,,50-100,20-70,Common,WGE,,Wondrous Items,Yes,,,
Risian Pine Focus,,,,50-100,20-70,Common,EBR,,Wondrous Items,Yes,,,
Robe Of Eyes,"30,000","5,000","15,000",501-5000,2000-20000,Rare,DMG,193,Wondrous Items: Body,Yes,,,
Robe Of Scintillating Colors,"6,000","27,000",,5001-50000,20000-50000,Very Rare,DMG,194,Wondrous Items: Body,Yes,,,
Robe Of Serpents,,375,,101-500,100-600,Uncommon,SKT,236,Wondrous Items: Body,Yes,,,
Robe Of Stars,"60,000","45,000",,5001-50000,20000-50000,Very Rare,DMG,194,Wondrous Items: Body,Yes,,,
Robe Of Summer,,"2,900",,501-5000,2000-20000,Rare,TYP,229,Wondrous Items: Body,Yes,,,
Robe Of The Archmagi,"34,000","75,000",,50001+,50000-300000,Legendary,DMG,194,Wondrous Items: Body,Yes,,,
Robe Of Useful Items,Items * 5,400,500,101-500,100-600,Uncommon,DMG,195,Wondrous Items: Body,No,,,
Rod Of Absorption,"50,000","48,000",,5001-50000,20000-50000,Very Rare,DMG,195,Rods,Yes,,,
Rod Of Alertness,"25,000","11,000",,5001-50000,20000-50000,Very Rare,DMG,195,Rods,Yes,,,
Rod Of Lordly Might,"28,000","70,000",,50001+,50000-300000,Legendary,DMG,195,Rods,Yes,,,
Rod Of Resurrection,,"125,000",,50001+,50000-300000,Legendary,DMG,197,Rods,Yes,,,
Rod of Retribution,,250,,101-500,100-600,Uncommon,EGW,269,Rods,Yes,,,
Rod Of Rulership,"16,000","3,600",,501-5000,2000-20000,Rare,DMG,197,Rods,Yes,,,
Rod Of Security,"90,000","45,000",30000,5001-50000,20000-50000,Very Rare,DMG,197,Rods,No,,,
Rod Of The Pact Keeper +1,"12,000",400,,101-500,100-600,Uncommon,DMG,197,Rods,Yes,,,
Rod Of The Pact Keeper +2,"16,000","4,000","9,000",501-5000,2000-20000,Rare,DMG,197,Rods,Yes,,,
Rod Of The Pact Keeper +3,"28,000","17,000",60100,5001-50000,20000-50000,Very Rare,DMG,197,Rods,Yes,,,
Rod Of The Vonindod,,"3,400",,501-5000,2000-20000,Rare,SKT,236,Rods,Yes,,,
Rope Of Climbing,"2,000",350,250,101-500,100-600,Uncommon,DMG,197,Wondrous Items,No,,,
Rope Of Entanglement,"4,000","1,000","7,500",501-5000,2000-20000,Rare,DMG,197,Wondrous Items,No,,,
Rope Of Mending,,50,,50-100,20-70,Common,XGE,138,Wondrous Items,No,,,
Rotor Of Return,,"2,500",,5001-50000,20000-50000,Very Rare,AI,,Wondrous Items,Yes,,,
Ruby Of The War Mage,,100,,50-100,20-70,Common,XGE,138,Wondrous Items,Yes,,,
Ruby Weave Gem,,"30,000",,50001+,50000-300000,Legendary,FTD,,Wondrous Items,Yes,,,
Ruidium Armor,,,,5001-50000,20000-50000,Very Rare,CotN,215,Armor,Yes,,,
Ruidium Shield,,,,5001-50000,20000-50000,Very Rare,CotN,215,Shields,Yes,,,
Ruidium Weapon,,,,5001-50000,20000-50000,Very Rare,CotN,216,Weapons,Yes,,,
Ruin's Wake,,,,Priceless,Priceless,Artifact,EGW,277,Weapons,Yes,,,
Ruinblade (greatsword),,"17,000",,50001+,50000-300000,Legendary,IMR,95,Weapons,Yes,,,
Ruinstone,,,,Priceless,Priceless,Artifact,DC,,,No,,,
Saddle Of The Cavalier,"2,000",250,,101-500,100-600,Uncommon,DMG,199,Wondrous Items,No,,,
Saint Markovia's Thighbone,,,,501-5000,2000-20000,Rare,CS,,Weapons,Yes,,,
Sapphire Buckler,,"9,000",,5001-50000,20000-50000,Very Rare,FTD,,Armor,Yes,,,
Scaled Ornament (Ascendant),,"20,000",,50001+,50000-300000,Legendary,FTD,27,Woundrous Items,Yes,,,
Scaled Ornament (Slumbering),,200,,101-500,100-600,Uncommon,FTD,27,Woundrous Items,Yes,,,
Scaled Ornament (Stirring),,"4,000",,501-5000,2000-20000,Rare,FTD,27,Woundrous Items,Yes,,,
Scaled Ornament (Wakened),,"8,000",,501-5000,2000-20000,Rare,FTD,27,Woundrous Items,Yes,,,
Scarab Of Protection,"36,000","58,000",,50001+,50000-300000,Legendary,DMG,199,Wondrous Items: Neck,Yes,,,
Scimitar Of Speed,"6,000","7,500",,5001-50000,20000-50000,Very Rare,DMG,199,Weapons,Yes,,,
Scissors of Shadow Snipping,,750,,501-5000,2000-20000,Rare,TWBTW,,Wondrous Items,Yes,,,
Scorpion Armor (plate),,"2,100",,501-5000,2000-20000,Rare,TA,208,Armor,Yes,,,
Scribe's Pen,,60,,50-100,20-70,Common,WGE,,Wondrous Items,No,,,
Scribes Pen,,60,,50-100,20-70,Common,EBR,,Wondrous Items,Yes,,,
Scroll Of Protection,180,"3,500",1500,501-5000,2000-20000,Rare,DMG,199,Spell Scrolls,No,,,
Scroll of Tarrasque Summoning,,"150,000",,50001+,50000-300000,Legendary,ID,,Spell Scrolls,No,,,
Scroll of the Comet,,"250,000",,50001+,50000-300000,Legendary,ID,,Spell Scrolls,No,,,
Seeker Dart,,100,,101-500,100-600,Uncommon,PA,223,Weapons,No,,,
Sekolahian Worshiping Statuette,,50,,50-100,20-70,Common,GoS,,Wondrous Items,No,,,
Sending Stone,,500,,101-500,100-600,Uncommon,AI,,Wondrous Items,No,,,
Sending Stones,"2,000",500,,101-500,100-600,Uncommon,DMG,199,Wondrous Items,No,,,
Sentinel Shield,"20,000",300,,101-500,100-600,Uncommon,DMG,199,Shields,No,,,
Shadowfell Brand Tattoo,,"1,100",,501-5000,2000-20000,Rare,TCE,,Wondrous Items,Yes,,,
Shadowfell Shard,,600,,501-5000,2000-20000,Rare,TCE,,Wondrous Items,Yes,,,
Shard Of The Ise Rune,,"9,000",,5001-50000,20000-50000,Very Rare,SKT,236,Wondrous Items,Yes,,,
Shatterspike (longsword),,550,,101-500,100-600,Uncommon,TYP,229,Weapons,Yes,,,
Shavaran Birch Focus,,,,50-100,20-70,Common,WGE,,Wondrous Items,Yes,,,
Shavarran Birch Focus,,,,50-100,20-70,Common,EBR,,Wondrous Items,Yes,,,
Shield Of Expression,,50,,50-100,20-70,Common,XGE,139,Shields,No,,,
Shield Of Far Sight,,750,,501-5000,2000-20000,Rare,VGM,,Shields,No,,,
Shield Of Missile Attraction,"6,000","1,000",,501-5000,2000-20000,Rare,DMG,200,Shields,Yes,,,
Shield Of The Hidden Lord,,"86,000",,50001+,50000-300000,Legendary,BGA,,Armor,Yes,,,
Shield Of The Uven Rune,,"11,000",,5001-50000,20000-50000,Very Rare,DMM,,Shields,Yes,,,
"Shield, +1","1,500",450,300,101-500,100-600,Uncommon,DMG,200,Shields,No,,,
"Shield, +2","6,000","4,000","3,000",501-5000,2000-20000,Rare,DMG,200,Shields,No,,,
"Shield, +3","24,000","22,000",30100,5001-50000,20000-50000,Very Rare,DMG,200,Shields,No,,,
Shiftweave,,100,,50-100,20-70,Common,WGE,,Wondrous Items,No,,,
Shiftweave,,100,,50-100,20-70,Common,EBR,,Wondrous Items,No,,,
Silken Spite,,,,Priceless,Priceless,Artifact,EGW,277,Weapons,Yes,,,
Silverquill Primer,,300,,101-500,100-600,Uncommon,STRX,,Wondrous Items,Yes,,,
Siren Song Lyre,,650,,501-5000,2000-20000,Rare,MOoT,,Wondrous Items,Yes,,,
Skold Rune Shield,,"2,600",,501-5000,2000-20000,Rare,SKT,234,Shields,Yes,,,
Skold Rune Weapon,,500,,101-500,100-600,Uncommon,SKT,234,Weapons,No,,,
Skyblinder Staff,,375,,101-500,100-600,Uncommon,GGR,181,Staffs,Yes,,,
Sling Bullets of Althemone,,"5,500",,5001-50000,20000-50000,Very Rare,MOoT,,Weapons,No,,,
Slippers Of Spider Climbing,"5,000",500,,101-500,100-600,Uncommon,DMG,200,Wondrous Items: Feet,Yes,,,
Smokepowder,,325,,101-500,100-600,Uncommon,WDH,192,Wondrous Items,No,,,
Smoldering Armor,,+75,,50-100,20-70,Common,XGE,139,Armor,No,,,
Snicker-Snack (greatsword),,"80,000",,50001+,50000-300000,Legendary,TWBTW,,Weapons,Yes,,,
Soul Coin,,250,,101-500,100-600,Uncommon,BGA,,Wondrous Items,No,,,
Sovereign Glue,400,"5,000",,50001+,50000-300000,Legendary,DMG,200,Wondrous Items,No,,,
Speaking Stone,,"5,000",,501-5000,2000-20000,Rare,EBR,,Wondrous Items,No,,,
Speaking Stone,,"5,000",,101-500,100-600,Uncommon,WGE,,Wondrous Items,No,,,
Spear Of Backbiting (javelin or spear),,"6,500",,5001-50000,20000-50000,Very Rare,TYP,229,Weapons,Yes,,,
Spell Bottle,,"75,000",,50001+,50000-300000,Legendary,EGW,269,Wondrous Item,Yes,,,
"Spell Gem (Amber, Level 4)",,"8,000",,5001-50000,20000-50000,Very Rare,OA,223,Spell Gems,Yes,,,
"Spell Gem (Bloodstone, Level 3)",,"4,000",,501-5000,2000-20000,Rare,OA,223,Spell Gems,Yes,,,
"Spell Gem (Diamond, Level 9)",,"78,000",,50001+,50000-300000,Legendary,OA,223,Spell Gems,Yes,,,
"Spell Gem (Jade, Level 5)",,"15,000",,5001-50000,20000-50000,Very Rare,OA,223,Spell Gems,Yes,,,
"Spell Gem (Lapis Lazuli, Level 1)",,350,,101-500,100-600,Uncommon,OA,223,Spell Gems,Yes,,,
"Spell Gem (Obsidian, Level 0)",,150,,101-500,100-600,Uncommon,OA,223,Spell Gems,Yes,,,
"Spell Gem (Quartz ,Level 2)",,"1,500",,501-5000,2000-20000,Rare,OA,223,Spell Gems,Yes,,,
"Spell Gem (Ruby, Level 8)",,"51,000",,50001+,50000-300000,Legendary,OA,223,Spell Gems,Yes,,,
"Spell Gem (Star Ruby, Level 7)",,"35,000",,50001+,50000-300000,Legendary,OA,223,Spell Gems,Yes,,,
"Spell Gem (Topaz, Level 6)",,"20,000",,5001-50000,20000-50000,Very Rare,OA,223,Spell Gems,Yes,,,
Spell Scroll (Level 0),10,15,,50-100,20-70,Common,DMG,200,Spell Scrolls,No,,,
Spell Scroll (Level 1),60,25,100 (Wizard)/50,50-100,20-70,Common,DMG,200,Spell Scrolls,No,,,
Spell Scroll (Level 2),120,150,200 (Wizard)/300,101-500,100-600,Uncommon,DMG,200,Spell Scrolls,No,,,
Spell Scroll (Level 3),200,400,800 (Wizard)/400/500 (Wizard),101-500,100-600,Uncommon,DMG,200,Spell Scrolls,No,,,
Spell Scroll (Level 4),320,800,"2,000 (Wizard)/6,500/900 (Wizard)",501-5000,2000-20000,Rare,DMG,200,Spell Scrolls,No,,,
Spell Scroll (Level 5),640,"1,500","4,000/2000 (Wizard)",501-5000,2000-20000,Rare,DMG,200,Spell Scrolls,No,,,
Spell Scroll (Level 6),"1,280","2,000","10,000 (Globe of Invulnerability, True Seeing)/4,000 (Wizard)",5001-50000,20000-50000,Very Rare,DMG,200,Spell Scrolls,No,,,
Spell Scroll (Level 7),"2,560","3,500","15,000 (Magnificent Mansion)/7,500 (Wizard)",5001-50000,20000-50000,Very Rare,DMG,200,Spell Scrolls,No,,,
Spell Scroll (Level 8),"5,120","5,000",,5001-50000,20000-50000,Very Rare,DMG,200,Spell Scrolls,No,,,
Spell Scroll (Level 9),"10,240","20,000",,50001+,50000-300000,Legendary,DMG,200,Spell Scrolls,No,,,
Spell Sink,,,,50001+,50000-300000,Legendary,WGE,,Wondrous Items,No,,,
Spell Sink,,,,50001+,50000-300000,Legendary,EBR,,Wondrous Items,No,,,
Spellguard Shield,"50,000","36,000","40,000",5001-50000,20000-50000,Very Rare,DMG,201,Shields,Yes,,,
Spelljamming Helm,,,,501-5000,2000-20000,Rare,SAIS,,Wondrous Items,Yes,,,
Spellshard,,100,,50-100,20-70,Common,WGE,,Wondrous Items,No,,,
Spellshard,,100,,50-100,20-70,Common,EBR,,Wondrous Items,No,,,
Spellwrought Tattoo (Level 0),,20,,50-100,20-70,Common,TCE,,Wondrous Items,No,,,
Spellwrought Tattoo (Level 1),,35,,50-100,20-70,Common,TCE,,Wondrous Items,No,,,
Spellwrought Tattoo (Level 2),,225,,101-500,100-600,Uncommon,TCE,,Wondrous Items,No,,,
Spellwrought Tattoo (Level 3),,500,,101-500,100-600,Uncommon,TCE,,Wondrous Items,No,,,
Spellwrought Tattoo (Level 4),,"1,200",,501-5000,2000-20000,Rare,TCE,,Wondrous Items,No,,,
Spellwrought Tattoo (Level 5),,"2,100",,501-5000,2000-20000,Rare,TCE,,Wondrous Items,No,,,
Sphere Of Annihilation,"15,000","200,000",,50001+,50000-300000,Legendary,DMG,201,Wondrous Items,No,,,
Spider Staff,,"1,750",,501-5000,2000-20000,Rare,LMP,53,Staffs,Yes,,,
Spies' Murmur,,475,,101-500,100-600,Uncommon,GGR,181,Wondrous Items: Head,Yes,,,
Spyglass Of Clairvoyance,,,,50-100,20-70,Common,AI,,Wondrous Items,No,,,
Staff Of Adornment,,50,,50-100,20-70,Common,XGE,139,Staffs,No,,,
Staff Of Birdcalls,,70,,50-100,20-70,Common,XGE,139,Staffs,No,,,
Staff Of Charming,"12,000","1,750",8000,501-5000,2000-20000,Rare,DMG,201,Staffs,Yes,,,
Staff Of Defense,,"3,400",,501-5000,2000-20000,Rare,LMP,53,Staffs,Yes,,,
Staff of Dunamancy,,"27,000",,5001-50000,20000-50000,Very Rare,EGW,270,Staffs,Yes,,,
Staff Of Fire,"16,000","18,000",,5001-50000,20000-50000,Very Rare,DMG,201,Staffs,Yes,,,
Staff Of Flowers,,50,,50-100,20-70,Common,XGE,139,Staffs,No,,,
Staff Of Frost,"26,000","18,000",,5001-50000,20000-50000,Very Rare,DMG,201,Staffs,Yes,,,
Staff Of Healing,"13,000","4,800",10000,501-5000,2000-20000,Rare,DMG,202,Staffs,Yes,,,
Staff Of Power,"95,500","46,000",,5001-50000,20000-50000,Very Rare,DMG,202,Staffs,Yes,,,
Staff Of Striking,"21,000","36,000",,5001-50000,20000-50000,Very Rare,DMG,203,Staffs,Yes,,,
Staff Of Swarming Insects,"16,000","4,500","9,000",501-5000,2000-20000,Rare,DMG,203,Staffs,Yes,,,
Staff Of The Adder,"1,800",350,,101-500,100-600,Uncommon,DMG,203,Staffs,Yes,,,
Staff Of The Forgotten One,,,,Priceless,Priceless,Artifact,TA,,Staffs,Yes,,,
Staff of the Ivory Claw,,"1,000",,501-5000,2000-20000,Rare,EGW,270,Staffs,Yes,,,
Staff Of The Magi,,"98,000",,50001+,50000-300000,Legendary,DMG,203,Staffs,Yes,,,
Staff Of The Python,"2,000",250,,101-500,100-600,Uncommon,DMG,204,Staffs,Yes,,,
Staff Of The Woodlands,"44,000","4,500",,501-5000,2000-20000,Rare,DMG,204,Staffs,Yes,,,
Staff Of Thunder And Lightning,"10,000","30,000",,5001-50000,20000-50000,Very Rare,DMG,204,Staffs,Yes,,,
Staff Of Withering,"3,000","2,100","12,000",501-5000,2000-20000,Rare,DMG,205,Staffs,Yes,,,
Steel (longsword),,"6,500",,5001-50000,20000-50000,Very Rare,TWBTW,,Weapons,Yes,,,
Stein Rune Boots,,350,,101-500,100-600,Uncommon,SKT,235,Wondrous Items: Feet,Yes,,,
Stein Rune Shield,,"4,600",,501-5000,2000-20000,Rare,SKT,235,Shields,Yes,,,
Stone Of Controlling Earth Elementals,"8,000","4,700",,501-5000,2000-20000,Rare,DMG,205,Wondrous Items,No,,,
Stone Of Golorr,,,,Priceless,Priceless,Artifact,WDH,,Wondrous Items,Yes,,,
Stone Of Good Luck (Luckstone),"4,200",400,600,101-500,100-600,Uncommon,DMG,205,Wondrous Items,Yes,,,
Stone Of Ill Luck,,400,,101-500,100-600,Uncommon,TYP,229,Wondrous Items,Yes,,,
Stonespeaker Crystal,,"4,600",,501-5000,2000-20000,Rare,OA,223,Wondrous Items,Yes,,,
Storm Boomerang,,150,,101-500,100-600,Uncommon,PA,223,Weapons,No,,,
Storm Spire,,,,50001+,50000-300000,Legendary,WGE,,Wondrous Items,Yes,,,
Storm Spire,,,,50001+,50000-300000,Legendary,EBR,,Wondrous Items,Yes,,,
Stormgirdle,,,,50001+,50000-300000,Legendary,EGW,273,Wondrous Item,Yes,,,
Strixhaven Pennant,,50,,101-500,100-600,Uncommon,STRX,,Wondrous Items,Yes,,,
Sun Blade (longsword),"12,000","3,500",,501-5000,2000-20000,Rare,DMG,205,Weapons,Yes,,,
Sunforger (warhammer),,"4,600",,501-5000,2000-20000,Rare,GGR,181,Weapons,Yes,,,
Sunsword (longsword),,"55,000",,50001+,50000-300000,Legendary,CS,223,Weapons,Yes,,,
Sword Of Answering,"36,000","51,000",,50001+,50000-300000,Legendary,DMG,206,Weapons,Yes,,,
Sword Of Kas,,,,Priceless,Priceless,Artifact,DMG,,Wondrous Items,Yes,,,
Sword Of Life Stealing (any sword),"1,000","2,200","11,000",501-5000,2000-20000,Rare,DMG,206,Weapons,Yes,,,
Sword Of Sharpness (slashing swords),"1,700","42,000","36,000 (Greatsword)",5001-50000,20000-50000,Very Rare,DMG,206,Weapons,Yes,,,
Sword Of The Paruns (longsword),,"16,000",,5001-50000,20000-50000,Very Rare,GGR,181,Weapons,Yes,,,
Sword Of Vengeance (any sword),,400,,101-500,100-600,Uncommon,DMG,206,Weapons,Yes,,,
Sword Of Wounding (any sword),"2,000","2,000","20,000 (Shortsword)",501-5000,2000-20000,Rare,DMG,207,Weapons,Yes,,,
Sword Of Zariel,,,,Priceless,Priceless,Artifact,BGA,,Weapons,Yes,,,
Talisman Of Pure Good,"71,680","125,000",,50001+,50000-300000,Legendary,DMG,207,Wondrous Items,Yes,,,
Talisman Of The Sphere,"20,000","75,000",,50001+,50000-300000,Legendary,DMG,207,Wondrous Items,Yes,,,
Talisman Of Ultimate Evil,"61,440","125,000",,50001+,50000-300000,Legendary,DMG,207,Wondrous Items,Yes,,,
Talking Doll,,75,,50-100,20-70,Common,XGE,139,Wondrous Items,Yes,,,
Tankard Of Plenty,,25,,50-100,20-70,Common,HDQ,,Wondrous Items,No,,,
Tankard Of Sobriety,,80,,50-100,20-70,Common,XGE,139,Wondrous Items,No,,,
Teeth of Dahlver-Nar,,,,Priceless,Priceless,Artifact,TCE,,Wondrous Items,Yes,,,
Teleportation Tablet,,,,501-5000,2000-20000,Rare,CotN,216,Wondrous Items,No,,,
Tentacle Rod,"5,000","2,000",,501-5000,2000-20000,Rare,DMG,208,Rods,Yes,,,
The Bloody End,,,,Priceless,Priceless,Artifact,EGW,278,Weapons,Yes,,,
Thermal Cube,,50,,50-100,20-70,Common,ID,,Wondrous Items,No,,,
Thessaltoxin Antidote,,100,,101-500,100-600,Uncommon,IMR,,Potions & Oils,No,,,
Timepiece Of Travel,,"8,000",,5001-50000,20000-50000,Very Rare,AI,,Wondrous Items,Yes,,,
Tinderstrike (dagger),,"71,000",,50001+,50000-300000,Legendary,PA,225,Weapons,Yes,,,
Tome Of Clear Thought,,"36,000",,5001-50000,20000-50000,Very Rare,DMG,208,Wondrous Items,No,,,
Tome Of Leadership And Influence,,"36,000","55,000/40,000",5001-50000,20000-50000,Very Rare,DMG,208,Wondrous Items,No,,,
Tome Of The Stilled Tongue,,"60,000",,50001+,50000-300000,Legendary,DMG,208,Wondrous Items,Yes,,,
Tome Of Understanding,,"36,000",,5001-50000,20000-50000,Very Rare,DMG,209,Wondrous Items,No,,,
Topaz Annihilator (firearm),,"12,000",,50001+,50000-300000,Legendary,FTD,,Weapons,Yes,,,
Travel Alchemical Kit,,,,101-500,100-600,Uncommon,AI,,Wondrous Items,No,,,
Trident Of Fish Command,800,300,,101-500,100-600,Uncommon,DMG,209,Weapons,Yes,,,
Two-Birds Sling,,"4,000",,501-5000,2000-20000,Rare,MOoT,,Weapons,No,,,
Unbreakable Arrow,,25,,50-100,20-70,Common,XGE,139,Ammunition,No,,,
Universal Solvent,300,"5,000",,50001+,50000-300000,Legendary,DMG,209,Wondrous Items,No,,,
Ventilating Lungs,,"1,000",,501-5000,2000-20000,Rare,EBR,,Wondrous Items,Yes,,,
Verminshroud,,,,50001+,50000-300000,Legendary,EGW,273,Wondrous Item,Yes,,,
Veteran's Cane,,50,,50-100,20-70,Common,XGE,139,Weapons,No,,,
"Vicious Rapier, +1",,,,501-5000,2000-20000,Rare,AI,,Weapons,No,,,
Vicious Weapon (any),350,"1,200","10,000",501-5000,2000-20000,Rare,DMG,209,Weapons,No,,,
Vind Rune Armor,,+300,,101-500,100-600,Uncommon,SKT,236,Armor,No,,,
Vind Rune Boots,,650,,501-5000,2000-20000,Rare,SKT,236,Wondrous Items: Feet,Yes,,,
Vind Rune Cloak,,,,501-5000,2000-20000,Rare,SKT,236,Wondrous Items: Shoulders,Yes,,,
Vorpal Sword,"24,000","75,000",,50001+,50000-300000,Legendary,DMG,209,Weapons,Yes,,,
Voting Kit,,,,50-100,20-70,Common,AI,,Wondrous Items,No,,,
Vox Seeker,,100,,50-100,20-70,Common,EGW,270,Wondrous Item,No,,,
Voyager Staff,,"10,500",,5001-50000,20000-50000,Very Rare,GGR,181,Staffs,Yes,,,
Walloping Ammunition,,30,,50-100,20-70,Common,XGE,139,Ammunition,No,,,
Wand Of Binding,"10,000","2,500","11,000",501-5000,2000-20000,Rare,DMG,209,Wands,Yes,,,
Wand Of Conducting,,90,,50-100,20-70,Common,XGE,140,Wands,No,,,
Wand Of Enemy Detection,"4,000","3,750",,501-5000,2000-20000,Rare,DMG,210,Wands,Yes,,,
Wand Of Entangle,,300,,101-500,100-600,Uncommon,TYP,229,Wands,Yes,,,
Wand Of Fear,"10,000","3,250",,501-5000,2000-20000,Rare,DMG,210,Wands,Yes,,,
Wand Of Fireballs,"32,000","4,800",,501-5000,2000-20000,Rare,DMG,210,Wands,Yes,,,
Wand Of Lightning Bolts,"32,000","4,800",15100,501-5000,2000-20000,Rare,DMG,211,Wands,Yes,,,
Wand Of Magic Detection,"1,500",150,"1,200",101-500,100-600,Uncommon,DMG,211,Wands,No,,,
Wand Of Magic Missiles,"8,000",300,1000,101-500,100-600,Uncommon,DMG,211,Wands,No,,,
Wand Of Orcus,,,,Priceless,Priceless,Artifact,DMG,,Wands,Yes,,,
Wand Of Paralysis,"16,000","4,250",,501-5000,2000-20000,Rare,DMG,211,Wands,Yes,,,
Wand Of Polymorph,"32,000","21,000",,5001-50000,20000-50000,Very Rare,DMG,211,Wands,Yes,,,
Wand Of Pyrotechnics,,65,,50-100,20-70,Common,XGE,140,Wands,No,,,
Wand Of Scowls,,60,,50-100,20-70,Common,XGE,140,Wands,No,,,
Wand Of Secrets,"1,500",125,600/750,101-500,100-600,Uncommon,DMG,211,Wands,No,,,
Wand Of Smiles,,60,,50-100,20-70,Common,XGE,140,Wands,No,,,
Wand Of The War Mage +1,"1,200",400,,101-500,100-600,Uncommon,DMG,212,Wands,Yes,,,
Wand Of The War Mage +2,"4,800","4,000",,501-5000,2000-20000,Rare,DMG,212,Wands,Yes,,,
Wand Of The War Mage +3,"19,200","14,000","40,000",5001-50000,20000-50000,Very Rare,DMG,212,Wands,Yes,,,
Wand Of Viscid Globs,,900,,501-5000,2000-20000,Rare,OA,223,Wands,Yes,,,
Wand Of Web,"8,000",250,,101-500,100-600,Uncommon,DMG,212,Wands,Yes,,,
Wand Of Winter,,"4,100",,501-5000,2000-20000,Rare,HDQ,94,Wands,Yes,,,
Wand Of Wonder,,"2,250",,501-5000,2000-20000,Rare,DMG,212,Wands,Yes,,,
Wand Sheath,,75,,50-100,20-70,Common,WGE,,Wondrous Items,Yes,,,
Wand Sheath,,75,,50-100,20-70,Common,EBR,,Wondrous Items,Yes,,,
Wave,,,,50001+,50000-300000,Legendary,DMG,,Weapons,Yes,,,
Waythe (greatsword),,"62,000",,50001+,50000-300000,Legendary,TYP,229,Weapons,Yes,,,
Weapon of Certain Death,,"1,500",,501-5000,2000-20000,Rare,EGW,270,Weapons,No,,,
Weapon of the Uven Rune (any),,"2,000",,501-5000,2000-20000,Rare,DMM,299,Weapons,Yes,,,
Weapon Of Warning,"60,000",400,800 (Shortbow),101-500,100-600,Uncommon,DMG,213,Weapons,Yes,,,
"Weapon, +1","1,000",500,"300 (Simple), 400 (Martial)/400",101-500,100-600,Uncommon,DMG,213,Weapons,No,,,
"Weapon, +2","4,000","2,500","8,000 (Shortbow), 9,000 (Rapier)/12,000 (Greatsword)/12,600 (Martial), 9,100 (Ranged)",501-5000,2000-20000,Rare,DMG,213,Weapons,No,,,
"Weapon, +3","16,000","15,000","60,100 (Heavy Crossbow, Rapier or Morningstar)",5001-50000,20000-50000,Very Rare,DMG,213,Weapons,No,,,
"Weapon, Adamantine (any)",,+500,,101-500,100-600,Uncommon,DMG,213,Weapons,No,,,
Weird Tank,,"2,200",,501-5000,2000-20000,Rare,PA,223,Wondrous Items,Yes,,,
Well Of Many Worlds,,"90,000",,50001+,50000-300000,Legendary,DMG,213,Wondrous Items,No,,,
Wheel Of Stars,,"6,500",,5001-50000,20000-50000,Very Rare,AI,,Wondrous Items,Yes,,,
Wheel Of Wind And Water,,350,,101-500,100-600,Uncommon,WGE,,Wondrous Items,No,,,
Wheel Of Wind And Water,,350,,101-500,100-600,Uncommon,EBR,,Wondrous Items,No,,,
Whelm,,,,50001+,50000-300000,Legendary,DMG,,Weapons,Yes,,,
Whisper Jar,,,,Varies,Varies,Varies,AI,,Wondrous Items,No,,,
White Dragon Mask,,,,50001+,50000-300000,Legendary,RT,,Wondrous Items,Yes,,,
Wildspace Orrery,,,,101-500,100-600,Uncommon,SAIS,,Wondrous Items,No,,,
Will of the Talon,,,,Priceless,Priceless,Artifact,EGW,279,Weapons,Yes,,,
Wind Fan,"1,500",150,100,101-500,100-600,Uncommon,DMG,213,Wondrous Items,No,,,
Windvane,,"68,000",,50001+,50000-300000,Legendary,PA,225,Weapons,Yes,,,
Winged Boots,"8,000","5,000",,101-500,100-600,Uncommon,DMG,214,Wondrous Items: Feet,Yes,,,
Wings Of Flying,"5,000","3,600","12,000",501-5000,2000-20000,Rare,DMG,214,Wondrous Items: Shoulders,Yes,,,
Wingwear,,300,,101-500,100-600,Uncommon,PA,223,Wondrous Items: Body,Yes,,,
Winters Dark Bite,,,,101-500,100-600,Uncommon,HT,,Weapons,No,,,
Witherbloom Primer,,300,,101-500,100-600,Uncommon,STRX,,Wondrous Items,Yes,,,
Woodcutter's Axe,,"1,500",,501-5000,2000-20000,Rare,TWBTW,,Weapons,No,,,
Wreath of the Prism,,,,50001+,50000-300000,Legendary,EGW,274,Wondrous Item,Yes,,,
Wyrmskull Throne,,,,Priceless,Priceless,Artifact,SKT,,Wondrous Items,No,,,
Xorian Wenge Focus,,,,50-100,20-70,Common,WGE,,Wondrous Items,Yes,,,
"Yklwa, +1",,,,101-500,100-600,Uncommon,TA,,Weapons,No,,,
"Yklwa, +2",,,,501-5000,2000-20000,Rare,TA,,Weapons,No,,,
"Yklwa, +3",,,,5001-50000,20000-50000,Very Rare,TA,,Weapons,No,,,
Ythryn Mythallar,,"200,000",,50001+,50000-300000,Legendary,ID,,Wondrous Items,Yes,,,